township,date,soil_pH,rainfall_mm,temperature_c,local_grain_price,historic_yield_tons_per_ha,best_crop
Mandalay,2018-04-13,7.6,154.5,22.8,1611.0,1.72,Wheat
Meiktila,2018-12-23,7.1,28.8,21.9,1403.0,2.63,Sesame
Meiktila,2020-03-25,7.5,423.8,28.4,917.0,4.14,Rice
Yangon,2019-10-16,7.4,210.7,23.1,1005.0,7.7,Wheat
Mandalay,2022-04-06,5.3,510.0,32.1,1595.0,6.65,Beans
Meiktila,2019-05-27,8.4,233.3,31.0,1428.0,6.81,Corn
Monywa,2020-02-27,7.5,37.0,24.6,620.0,3.03,Sesame
Taungoo,2019-02-18,6.3,277.5,36.7,1033.0,2.14,Corn
Magway,2018-10-20,7.1,111.0,34.6,1069.0,2.14,Beans
Meiktila,2020-06-18,7.4,507.3,35.5,548.0,2.6,Rice
Monywa,2022-07-02,5.9,134.5,38.9,972.0,7.13,Beans
Naypyidaw,2022-06-09,8.1,389.3,22.9,1617.0,1.98,Wheat
Meiktila,2020-12-12,7.6,262.8,31.7,1996.0,3.53,Corn
Bago,2023-09-19,6.7,455.9,37.2,740.0,2.07,Rice
Sagaing,2018-09-18,6.3,361.6,29.4,1330.0,2.76,Corn
Yangon,2019-04-15,7.4,326.8,25.3,667.0,5.49,Corn
Sagaing,2019-10-10,6.6,572.8,37.5,1251.0,2.84,Rice
Bago,2023-09-11,8.2,523.6,26.0,1413.0,5.47,Rice
Bago,2022-03-12,7.7,328.2,35.6,501.0,4.71,Corn
Monywa,2023-06-25,5.1,558.2,37.6,961.0,6.82,Beans
Yangon,2020-09-13,8.1,568.7,21.7,604.0,4.4,Rice
Meiktila,2019-05-31,5.4,290.4,31.0,1809.0,2.86,Corn
Sagaing,2020-05-17,8.3,455.6,33.8,1098.0,5.99,Rice
Monywa,2022-11-30,8.1,276.4,25.0,532.0,1.45,Corn
Meiktila,2020-07-31,7.1,14.2,34.2,601.0,1.41,Sesame
Yangon,2021-09-15,5.2,150.4,33.4,698.0,2.5,Beans
Pathein,2023-04-21,5.9,289.1,28.1,1488.0,1.66,Corn
Monywa,2022-10-01,6.4,519.7,21.1,1469.0,5.57,Rice
Yangon,2022-07-08,7.5,482.3,22.2,1304.0,2.34,Rice
Bago,2022-09-25,5.6,283.0,37.5,1712.0,1.53,Corn
Meiktila,2019-02-06,5.2,599.6,36.7,1890.0,7.78,Beans
Taungoo,2019-11-13,6.4,294.0,37.3,747.0,7.32,Corn
Yangon,2022-05-19,5.9,472.6,29.1,1936.0,3.96,Beans
Meiktila,2023-06-17,5.5,185.1,39.4,1313.0,5.05,Beans
Monywa,2018-08-23,5.2,291.3,38.4,585.0,4.72,Corn
Meiktila,2018-11-25,8.0,50.4,21.4,1106.0,7.03,Sesame
Pathein,2020-10-05,7.0,33.4,21.6,1348.0,5.6,Sesame
Monywa,2020-12-04,5.7,432.6,24.8,1508.0,3.77,Wheat
Magway,2023-02-16,6.1,453.6,21.5,1998.0,4.21,Rice
Mandalay,2018-10-28,6.9,308.5,22.6,603.0,3.44,Wheat
Taungoo,2022-02-22,6.0,268.5,30.9,1976.0,3.12,Corn
Meiktila,2018-02-02,7.3,337.2,38.6,1817.0,1.73,Corn
Magway,2019-04-18,8.1,448.0,23.1,816.0,2.97,Rice
Monywa,2020-04-13,7.4,513.2,30.1,1862.0,2.76,Rice
Yangon,2019-01-14,7.2,499.3,20.9,696.0,3.33,Rice
Magway,2019-10-24,7.6,335.5,28.6,613.0,1.07,Corn
Bago,2018-05-28,7.9,353.7,23.0,962.0,1.89,Wheat
Yangon,2022-01-05,5.7,157.2,22.1,1826.0,6.46,Wheat
Sagaing,2019-09-26,8.2,149.7,23.3,766.0,6.6,Wheat
Sagaing,2018-04-12,5.6,555.4,35.6,1505.0,3.88,Beans
Taungoo,2020-12-28,5.6,423.8,27.7,1206.0,1.27,Beans
Taungoo,2023-03-01,6.2,494.1,37.4,1490.0,2.56,Rice
Sagaing,2021-09-06,6.0,51.0,35.5,1264.0,3.46,Sesame
Meiktila,2021-09-18,8.3,78.1,39.4,1944.0,2.25,Sesame
Magway,2018-06-06,5.4,266.4,34.6,1409.0,3.2,Corn
Meiktila,2019-04-19,6.3,350.2,25.1,503.0,5.96,Corn
Meiktila,2020-03-18,6.3,51.3,33.3,971.0,3.31,Sesame
Mandalay,2021-05-15,6.8,403.5,26.5,1332.0,5.88,Rice
Taungoo,2022-09-19,7.3,233.7,35.0,1354.0,2.22,Corn
Sagaing,2018-01-02,6.1,134.0,35.7,983.0,5.25,Beans
Naypyidaw,2022-12-17,7.4,311.6,35.9,1604.0,7.72,Corn
Mandalay,2021-03-08,6.8,383.4,26.7,1627.0,6.73,Corn
Magway,2020-07-09,7.8,96.9,20.9,1417.0,7.89,Sesame
Mandalay,2023-02-09,6.5,381.6,23.9,1242.0,5.87,Wheat
Taungoo,2019-08-28,7.3,13.3,35.0,660.0,6.39,Sesame
Sagaing,2020-06-15,5.6,575.2,30.4,874.0,1.35,Beans
Mandalay,2023-02-13,5.5,284.1,30.6,976.0,4.91,Corn
Naypyidaw,2023-08-30,6.5,545.0,28.9,1792.0,2.11,Rice
Naypyidaw,2020-11-27,7.6,505.5,25.5,1227.0,6.44,Rice
Taungoo,2021-01-29,6.5,431.0,24.7,1840.0,3.35,Rice
Mandalay,2019-07-21,5.5,236.0,23.1,1122.0,2.5,Wheat
Monywa,2023-03-24,6.5,132.0,28.4,1376.0,7.33,Beans
Yangon,2022-04-08,6.7,566.2,26.0,1837.0,3.73,Rice
Sagaing,2020-06-22,6.7,171.0,29.7,1503.0,3.72,Beans
Sagaing,2019-11-08,7.9,552.5,39.6,1860.0,4.74,Rice
Pathein,2018-04-22,5.3,262.9,37.3,890.0,2.27,Corn
Monywa,2020-05-16,6.6,209.1,37.6,1927.0,2.95,Corn
Sagaing,2020-10-30,7.9,287.5,35.0,1928.0,1.36,Corn
Taungoo,2018-10-09,7.7,394.5,35.1,799.0,7.65,Corn
Yangon,2019-09-17,5.8,289.4,22.3,1198.0,7.63,Wheat
Magway,2022-02-19,5.6,368.3,35.0,1729.0,1.8,Corn
Magway,2019-03-19,7.0,558.0,31.5,1063.0,7.36,Rice
Taungoo,2018-11-08,7.1,500.0,24.9,952.0,5.88,Rice
Pathein,2019-05-11,7.8,343.9,20.8,1492.0,4.73,Wheat
Mandalay,2023-09-04,7.3,17.5,28.4,1150.0,4.43,Sesame
Monywa,2023-02-27,7.5,266.9,34.7,905.0,7.76,Corn
Meiktila,2023-06-04,6.6,497.2,31.8,868.0,3.26,Rice
Mandalay,2021-02-16,8.1,153.9,29.3,1068.0,5.27,Beans
Yangon,2023-07-18,8.0,117.3,24.2,1011.0,6.58,Wheat
Pathein,2021-02-05,6.9,314.8,23.8,1110.0,2.69,Wheat
Meiktila,2020-09-11,7.4,391.1,29.8,640.0,6.55,Corn
Taungoo,2022-07-15,7.4,190.7,31.6,1296.0,4.31,Beans
Sagaing,2021-09-16,6.2,277.7,26.1,1582.0,2.61,Corn
Monywa,2019-05-05,7.6,571.0,33.8,1608.0,2.34,Rice
Magway,2023-11-19,7.1,588.5,36.7,1041.0,3.07,Rice
Magway,2018-02-27,7.5,84.7,20.9,938.0,1.38,Sesame
Bago,2023-07-04,5.4,17.2,25.7,1011.0,4.35,Sesame
Yangon,2020-10-31,8.3,291.9,36.4,611.0,3.8,Corn
Yangon,2019-09-14,5.5,342.1,26.1,678.0,7.96,Corn
Sagaing,2020-07-13,7.7,234.4,38.2,1383.0,3.08,Corn
Sagaing,2021-06-04,7.0,45.5,39.2,1644.0,1.69,Sesame
Taungoo,2020-12-19,7.3,102.7,23.5,504.0,1.53,Wheat
Naypyidaw,2023-04-09,6.0,146.6,34.1,1181.0,5.92,Beans
Taungoo,2020-12-19,7.8,378.8,33.2,1138.0,7.54,Corn
Meiktila,2020-07-09,7.3,546.0,36.5,749.0,1.5,Rice
Magway,2021-03-28,6.5,286.5,26.1,908.0,3.82,Corn
Meiktila,2023-07-16,6.5,362.8,37.8,1406.0,6.14,Corn
Yangon,2019-01-10,5.8,407.8,37.2,531.0,5.11,Beans
Magway,2018-06-14,7.7,113.4,30.4,917.0,4.1,Beans
Pathein,2022-11-21,7.2,300.1,21.8,1000.0,3.44,Wheat
Mandalay,2019-10-21,6.2,419.3,25.8,1720.0,7.62,Rice
Meiktila,2018-05-31,6.6,195.6,26.5,1106.0,7.79,Beans
Meiktila,2018-01-05,7.3,330.1,28.3,1043.0,2.31,Corn
Naypyidaw,2022-12-16,7.7,130.1,31.0,1157.0,7.49,Beans
Naypyidaw,2019-05-13,5.1,381.7,36.0,966.0,5.97,Corn
Yangon,2022-07-30,5.3,595.4,38.3,676.0,4.23,Beans
Bago,2023-08-04,8.3,182.2,34.1,1224.0,3.91,Beans
Naypyidaw,2020-09-25,6.6,95.3,23.8,1619.0,5.2,Sesame
Bago,2018-10-13,6.0,476.1,28.3,1262.0,7.54,Beans
Yangon,2021-03-04,7.5,504.1,31.6,1798.0,5.62,Rice
Naypyidaw,2023-06-07,6.2,335.6,30.9,983.0,4.19,Corn
Taungoo,2020-09-05,7.0,147.8,35.5,1617.0,1.31,Beans
Sagaing,2022-05-01,8.5,477.5,33.0,1947.0,2.06,Rice
Bago,2023-08-20,8.4,205.9,22.0,650.0,6.92,Wheat
Naypyidaw,2018-03-04,7.5,251.9,33.1,1204.0,2.08,Corn
Magway,2021-10-18,7.2,244.5,21.6,1512.0,3.3,Wheat
Meiktila,2022-04-06,8.3,379.8,37.7,1312.0,4.42,Corn
Pathein,2018-10-08,5.8,413.8,25.7,636.0,2.59,Beans
Mandalay,2019-02-16,6.6,419.5,38.1,1694.0,1.32,Rice
Magway,2022-01-08,6.3,95.9,30.6,1689.0,4.96,Sesame
Bago,2019-12-19,5.3,523.8,32.4,1869.0,2.69,Beans
Bago,2020-08-09,6.6,159.8,25.1,1707.0,1.07,Beans
Magway,2019-10-10,5.3,567.7,39.8,1943.0,3.09,Beans
Magway,2023-02-15,8.0,127.5,27.7,856.0,4.38,Beans
Pathein,2022-01-10,7.0,595.7,25.9,1487.0,7.85,Rice
Magway,2018-02-03,7.0,414.6,34.9,1410.0,1.34,Rice
Naypyidaw,2021-03-18,7.7,145.8,36.0,785.0,2.53,Beans
Magway,2019-07-15,7.2,543.0,32.9,1161.0,3.16,Rice
Pathein,2022-02-03,7.6,63.2,25.9,763.0,6.23,Sesame
Bago,2022-02-07,6.9,549.0,36.6,1737.0,2.8,Rice
Naypyidaw,2021-04-23,7.6,209.8,22.3,711.0,7.74,Wheat
Taungoo,2022-06-16,8.4,484.7,27.3,521.0,6.53,Rice
Meiktila,2019-05-22,6.6,407.0,33.4,1734.0,5.09,Rice
Monywa,2019-03-20,7.4,288.2,32.4,992.0,7.6,Corn
Pathein,2020-06-25,7.3,384.9,29.3,1474.0,5.91,Corn
Mandalay,2019-07-27,5.2,32.0,39.9,852.0,1.81,Sesame
Meiktila,2019-07-10,6.4,228.9,39.0,1310.0,5.88,Corn
Pathein,2019-09-25,8.1,396.4,36.7,1909.0,5.31,Corn
Magway,2018-05-15,7.4,138.2,28.9,1044.0,2.65,Beans
Monywa,2022-01-09,5.2,172.8,39.4,1736.0,7.64,Beans
Mandalay,2020-05-18,7.2,362.3,20.4,865.0,6.51,Wheat
Bago,2020-04-20,5.2,461.4,24.1,1805.0,2.51,Wheat
Monywa,2019-08-28,7.8,361.6,25.5,1981.0,7.89,Corn
Meiktila,2020-10-23,7.8,74.9,37.3,1037.0,1.92,Sesame
Taungoo,2021-08-19,5.1,166.6,22.5,670.0,3.95,Wheat
Mandalay,2023-05-05,6.6,223.6,31.9,832.0,4.16,Corn
Pathein,2018-06-27,7.5,546.2,33.2,1465.0,3.11,Rice
Yangon,2018-09-07,8.5,509.9,28.5,1569.0,1.76,Rice
Naypyidaw,2018-10-29,8.1,200.0,23.0,1436.0,1.88,Wheat
Pathein,2021-08-24,6.3,362.5,25.9,1145.0,4.54,Corn
Mandalay,2020-05-30,6.5,534.0,28.3,1098.0,6.79,Rice
Mandalay,2021-07-04,6.5,402.4,27.5,1884.0,2.07,Rice
Mandalay,2019-01-09,7.9,65.0,21.9,1718.0,6.17,Sesame
Meiktila,2018-09-03,7.1,341.3,26.6,1030.0,1.86,Corn
Sagaing,2018-07-30,8.4,364.2,27.0,819.0,5.05,Corn
Naypyidaw,2020-07-07,8.0,216.6,31.1,918.0,1.8,Corn
Taungoo,2022-10-24,8.0,585.0,36.4,1464.0,5.3,Rice
Yangon,2020-12-31,5.1,171.2,35.2,1027.0,7.45,Beans
Bago,2019-08-10,7.0,246.5,22.8,546.0,5.43,Wheat
Meiktila,2020-05-31,6.3,277.7,23.1,987.0,3.18,Wheat
Pathein,2018-12-14,8.1,101.8,35.1,622.0,1.35,Beans
Naypyidaw,2022-10-03,6.7,270.8,25.5,671.0,6.28,Corn
Sagaing,2019-03-31,6.0,410.3,29.7,568.0,5.67,Beans
Sagaing,2018-08-13,5.0,187.8,24.2,883.0,1.96,Wheat
Monywa,2019-05-07,5.0,450.7,23.5,1556.0,3.66,Wheat
Meiktila,2021-12-21,5.3,518.4,20.8,1882.0,1.13,Wheat
Monywa,2022-10-25,7.0,428.6,28.4,531.0,1.81,Rice
Monywa,2019-12-05,7.8,374.7,36.6,632.0,7.44,Corn
Mandalay,2020-09-23,6.5,246.3,21.6,1619.0,7.09,Wheat
Taungoo,2021-09-26,7.7,55.1,32.7,791.0,4.71,Sesame
Monywa,2021-12-09,7.5,493.2,36.3,720.0,2.65,Rice
Taungoo,2019-12-12,7.1,458.5,33.1,1659.0,2.24,Rice
Naypyidaw,2023-03-16,7.6,458.3,29.0,1347.0,7.47,Rice
Pathein,2021-08-16,8.0,380.1,23.0,1163.0,1.48,Wheat
Magway,2021-01-30,7.1,217.6,21.5,556.0,4.23,Wheat
Monywa,2021-03-21,5.3,519.9,37.1,1261.0,5.31,Beans
Naypyidaw,2018-06-18,6.6,487.8,33.0,1213.0,3.25,Rice
Bago,2018-09-11,6.6,488.5,36.7,626.0,7.88,Rice
Bago,2018-06-10,5.9,268.3,28.8,738.0,4.66,Corn
Monywa,2021-03-04,6.4,466.9,33.6,1446.0,1.37,Rice
Monywa,2018-09-27,6.2,339.2,27.7,1777.0,2.76,Corn
Pathein,2019-09-08,6.2,353.8,22.8,1952.0,3.45,Wheat
Sagaing,2019-06-13,7.1,563.4,26.2,1687.0,3.64,Rice
Bago,2023-11-27,5.3,405.6,30.2,963.0,1.13,Beans
Taungoo,2021-10-31,8.3,296.9,24.5,616.0,1.96,Wheat
Mandalay,2023-09-11,7.7,502.7,37.7,1005.0,1.26,Rice
Pathein,2019-06-21,7.1,101.0,23.6,1437.0,5.85,Wheat
Bago,2022-11-28,5.2,224.9,34.4,1416.0,7.79,Corn
Naypyidaw,2020-08-16,6.9,192.6,36.2,1753.0,4.28,Beans
Monywa,2022-12-10,6.6,176.2,27.6,1949.0,4.69,Beans
Taungoo,2019-07-21,8.1,40.8,29.6,1901.0,3.6,Sesame
Meiktila,2019-05-26,6.0,460.2,25.5,721.0,7.34,Beans
Sagaing,2019-01-11,8.3,141.0,29.0,540.0,3.45,Beans
Yangon,2022-06-12,6.8,149.1,39.9,542.0,3.62,Beans
Mandalay,2021-10-05,7.8,91.2,25.7,1544.0,6.81,Sesame
Bago,2023-04-06,6.6,13.1,21.6,1752.0,2.79,Sesame
Meiktila,2023-12-02,6.5,467.9,24.8,858.0,1.85,Rice
Pathein,2023-02-16,5.2,503.6,30.0,1448.0,4.75,Beans
Pathein,2020-09-17,7.5,181.9,20.0,1356.0,3.47,Wheat
Bago,2018-12-17,6.8,222.8,39.1,1680.0,4.81,Corn
Meiktila,2018-03-25,6.4,287.4,32.7,880.0,7.87,Corn
Yangon,2022-01-02,7.8,213.4,34.7,1657.0,5.4,Corn
Monywa,2019-07-01,5.2,332.1,36.3,1669.0,2.23,Corn
Naypyidaw,2023-05-15,7.2,488.8,21.3,1187.0,6.43,Rice
Magway,2020-04-05,5.2,127.7,20.8,1273.0,7.53,Wheat
Meiktila,2023-04-24,5.9,454.4,23.8,1671.0,3.5,Wheat
Monywa,2021-01-24,5.4,227.1,37.8,1842.0,6.2,Corn
Sagaing,2021-10-20,8.4,302.8,30.0,1279.0,7.47,Corn
Mandalay,2022-10-05,5.3,365.4,36.4,982.0,4.82,Corn
Mandalay,2021-09-05,7.3,190.8,32.1,1535.0,3.98,Beans
Monywa,2023-01-06,5.1,523.3,27.1,912.0,7.99,Beans
Yangon,2018-11-04,7.3,249.7,30.3,740.0,6.25,Corn
Yangon,2019-08-08,8.0,410.1,28.8,854.0,1.88,Rice
Monywa,2022-01-23,6.3,344.7,32.1,1923.0,5.75,Corn
Monywa,2022-12-24,7.7,348.6,30.6,1474.0,3.79,Corn
Taungoo,2019-04-10,5.1,119.8,30.4,677.0,7.39,Beans
Magway,2023-01-02,5.8,371.0,33.9,800.0,7.99,Corn
Bago,2018-10-31,6.6,540.2,28.9,1523.0,1.61,Rice
Monywa,2021-11-24,7.5,334.5,25.8,736.0,3.1,Corn
Bago,2022-01-20,6.8,81.6,24.0,1686.0,1.97,Sesame
Yangon,2022-01-18,6.9,227.7,36.1,1418.0,4.86,Corn
Mandalay,2018-09-27,6.1,599.8,34.4,1654.0,4.68,Rice
Pathein,2018-10-30,5.4,197.0,21.5,1276.0,4.26,Wheat
Bago,2020-01-16,7.7,86.1,30.1,1747.0,7.08,Sesame
Meiktila,2019-09-19,6.1,105.6,38.7,1921.0,2.58,Beans
Meiktila,2021-03-09,8.0,157.9,32.7,688.0,4.86,Beans
Magway,2023-12-26,5.3,388.2,31.8,757.0,5.06,Corn
Pathein,2021-10-14,7.9,342.5,36.5,568.0,1.2,Corn
Pathein,2020-12-20,7.3,462.5,28.3,1247.0,5.47,Rice
Meiktila,2021-04-01,7.2,188.2,24.9,1109.0,6.65,Wheat
Naypyidaw,2018-10-26,7.4,103.3,28.3,1010.0,4.25,Beans
Bago,2021-07-04,8.0,198.4,39.8,1098.0,3.42,Beans
Monywa,2023-10-11,7.0,198.3,29.3,872.0,2.87,Beans
Mandalay,2018-07-27,6.0,236.6,32.3,1798.0,2.74,Corn
Bago,2021-09-03,8.3,435.5,23.8,1994.0,2.12,Rice
Naypyidaw,2023-08-05,8.1,303.4,21.8,1186.0,3.75,Wheat
Taungoo,2020-05-31,7.0,38.7,25.6,1764.0,5.18,Sesame
Naypyidaw,2021-03-16,6.9,509.8,28.6,1591.0,7.18,Rice
Sagaing,2022-02-07,5.2,40.2,31.2,933.0,3.54,Sesame
Sagaing,2023-08-28,6.6,334.4,36.5,1417.0,5.36,Corn
Bago,2019-02-01,6.4,479.0,26.8,1632.0,7.57,Rice
Taungoo,2023-09-17,6.4,33.8,20.8,1706.0,6.0,Sesame
Meiktila,2023-02-15,5.5,536.9,22.8,978.0,7.52,Wheat
Sagaing,2021-05-10,7.1,309.3,30.2,1344.0,4.43,Corn
Naypyidaw,2018-03-10,6.3,407.5,39.6,1695.0,5.09,Rice
Yangon,2023-04-28,5.9,396.8,39.4,841.0,5.05,Corn
Yangon,2023-05-22,5.6,381.1,32.4,722.0,6.89,Corn
Taungoo,2018-05-10,7.0,423.3,23.8,1128.0,4.09,Rice
Sagaing,2020-04-15,6.4,467.2,38.4,1604.0,7.11,Rice
Yangon,2019-07-20,6.8,340.9,40.0,1065.0,4.35,Corn
Bago,2023-02-26,8.2,212.0,27.1,1581.0,6.4,Corn
Magway,2023-06-07,5.7,155.4,31.2,1959.0,2.57,Beans
Magway,2021-03-29,7.5,417.2,29.8,1341.0,4.36,Rice
Magway,2021-03-24,5.4,409.2,27.6,1728.0,7.86,Beans
Bago,2021-04-04,5.1,573.6,21.6,1484.0,7.47,Wheat
Naypyidaw,2020-05-26,5.7,327.8,38.7,706.0,5.87,Corn
Pathein,2020-09-07,5.8,405.2,30.6,579.0,5.47,Beans
Sagaing,2021-09-14,7.5,69.3,35.4,1326.0,1.04,Sesame
Bago,2022-07-25,7.3,529.6,29.5,1634.0,5.55,Rice
Magway,2021-08-08,6.0,44.9,35.4,848.0,5.57,Sesame
Yangon,2019-12-19,6.5,504.2,38.7,1754.0,1.25,Rice
Naypyidaw,2020-02-03,8.3,577.7,38.5,514.0,7.14,Rice
Pathein,2019-03-16,8.2,207.7,29.1,1286.0,5.49,Corn
Bago,2023-08-28,6.6,123.8,22.3,1188.0,2.14,Wheat
Magway,2020-02-02,5.0,208.9,25.9,790.0,5.72,Corn
Pathein,2022-07-19,7.9,314.0,21.7,777.0,5.68,Wheat
Bago,2023-05-10,6.1,156.3,25.2,1631.0,2.65,Beans
Monywa,2021-05-21,7.0,348.0,25.2,854.0,3.52,Corn
Mandalay,2023-03-22,6.1,249.2,30.1,1555.0,7.27,Corn
Magway,2019-04-26,7.2,565.0,27.4,1936.0,2.55,Rice
Naypyidaw,2019-09-20,6.6,593.4,27.5,1869.0,5.91,Rice
Meiktila,2020-06-13,7.7,411.4,31.9,1288.0,6.51,Rice
Meiktila,2022-01-21,5.3,342.9,21.2,1258.0,4.83,Wheat
Pathein,2019-09-06,5.6,514.1,28.8,1575.0,5.76,Beans
Naypyidaw,2019-01-08,8.1,272.8,21.1,1123.0,1.92,Wheat
Pathein,2018-08-25,7.0,406.9,26.2,882.0,1.15,Rice
Yangon,2020-06-11,7.0,36.7,26.9,1991.0,1.45,Sesame
Mandalay,2023-04-18,5.1,251.2,35.4,1967.0,6.36,Corn
Sagaing,2022-03-14,8.5,235.7,37.4,1063.0,7.35,Corn
Meiktila,2019-06-29,7.3,215.2,23.6,1293.0,4.76,Wheat
Taungoo,2018-01-15,7.6,587.3,29.3,1136.0,6.03,Rice
Sagaing,2020-07-29,5.9,214.2,25.5,1588.0,7.56,Corn
Mandalay,2018-05-12,7.8,257.4,35.3,523.0,7.19,Corn
Taungoo,2018-10-03,5.4,29.8,32.0,573.0,5.92,Sesame
Yangon,2022-07-06,6.5,328.5,35.1,710.0,6.43,Corn
Magway,2020-08-17,7.9,441.6,26.4,1509.0,5.19,Rice
Monywa,2020-08-28,6.1,94.5,33.2,951.0,2.55,Sesame
Yangon,2019-12-19,7.2,262.0,29.9,1912.0,7.81,Corn
Sagaing,2023-11-19,6.1,255.6,23.0,1632.0,3.64,Wheat
Naypyidaw,2020-09-14,8.0,187.4,34.2,1872.0,6.64,Beans
Meiktila,2022-08-18,8.4,338.8,22.7,805.0,2.7,Wheat
Mandalay,2023-01-17,8.0,64.6,34.5,903.0,2.33,Sesame
Pathein,2018-06-11,8.1,121.0,35.2,1338.0,6.07,Beans
Naypyidaw,2020-05-05,8.0,206.4,39.1,1906.0,1.11,Corn
Mandalay,2023-05-16,8.2,420.4,34.1,859.0,3.78,Rice
Monywa,2021-03-05,6.3,324.9,27.2,1269.0,2.83,Corn
Naypyidaw,2023-03-24,5.3,589.0,29.4,1871.0,6.88,Beans
Monywa,2021-07-05,6.4,341.9,24.4,891.0,2.02,Wheat
Pathein,2022-09-07,6.0,125.8,24.6,869.0,4.99,Wheat
Meiktila,2021-10-14,5.9,494.7,39.3,1236.0,5.49,Beans
Bago,2021-12-13,5.6,435.0,29.8,1313.0,7.42,Beans
Yangon,2023-11-17,5.1,509.6,38.9,1647.0,5.68,Beans
Sagaing,2019-07-18,7.9,146.5,34.1,1259.0,1.06,Beans
Monywa,2018-09-05,7.2,403.4,32.3,1232.0,4.38,Rice
Yangon,2023-12-20,6.9,17.0,30.6,1966.0,2.92,Sesame
Yangon,2023-08-20,7.8,407.7,36.1,661.0,7.37,Rice
Mandalay,2023-11-18,5.5,123.2,30.5,901.0,6.71,Beans
Sagaing,2018-11-20,6.3,249.6,31.3,839.0,7.93,Corn
Mandalay,2018-05-10,5.3,233.8,31.1,514.0,1.39,Corn
Bago,2018-12-05,6.7,266.0,35.7,1787.0,4.96,Corn
Mandalay,2023-12-04,8.2,145.6,38.0,1350.0,5.85,Beans
Magway,2018-07-10,8.2,413.8,25.6,1487.0,4.8,Rice
Bago,2021-07-12,5.1,132.2,22.9,1731.0,6.74,Wheat
Mandalay,2021-05-10,5.6,151.9,36.7,1845.0,3.72,Beans
Monywa,2022-04-22,7.6,92.6,39.8,1251.0,6.07,Sesame
Monywa,2018-08-08,5.3,147.0,21.5,1421.0,5.24,Wheat
Pathein,2022-06-13,8.4,202.6,32.7,1176.0,6.48,Corn
Taungoo,2021-12-28,6.9,231.5,23.7,1070.0,5.1,Wheat
Pathein,2021-04-24,7.8,430.7,21.6,1568.0,2.08,Rice
Bago,2022-05-15,6.1,72.9,20.1,1040.0,3.16,Sesame
Magway,2019-02-23,5.5,120.6,29.0,1112.0,4.88,Beans
Yangon,2019-01-03,6.2,64.9,32.0,1078.0,3.27,Sesame
Magway,2022-08-22,6.4,60.0,38.0,1967.0,7.34,Sesame
Pathein,2023-11-05,5.6,234.6,22.8,1240.0,3.11,Wheat
Mandalay,2019-11-16,6.5,258.5,29.7,878.0,1.54,Corn
Taungoo,2023-07-24,7.1,125.4,22.1,1923.0,3.13,Wheat
Monywa,2022-04-06,7.8,204.4,26.7,1789.0,6.71,Corn
Pathein,2019-07-12,6.1,365.9,33.9,766.0,4.35,Corn
Sagaing,2021-07-31,6.0,420.0,29.8,864.0,5.03,Beans
Sagaing,2021-02-22,7.9,241.8,22.3,1388.0,4.95,Wheat
Meiktila,2020-01-07,7.4,334.6,39.1,1563.0,4.23,Corn
Naypyidaw,2021-04-08,7.9,50.8,37.0,1509.0,6.57,Sesame
Bago,2021-05-25,5.8,398.6,34.3,611.0,6.52,Corn
Pathein,2023-05-17,7.0,325.3,38.5,1127.0,7.09,Corn
Yangon,2022-01-12,7.5,489.3,31.9,664.0,7.4,Rice
Taungoo,2021-12-25,5.6,371.5,31.3,1470.0,5.52,Corn
Monywa,2022-10-30,5.4,68.2,24.4,1337.0,6.23,Sesame
Pathein,2020-06-24,6.6,240.8,35.4,1251.0,5.12,Corn
Monywa,2018-04-11,6.7,184.3,38.4,1747.0,1.6,Beans
Bago,2021-11-27,6.1,278.6,24.1,1214.0,4.38,Wheat
Naypyidaw,2023-01-28,6.1,187.2,36.2,1774.0,1.81,Beans
Mandalay,2019-11-05,8.3,446.9,30.3,996.0,4.86,Rice
Sagaing,2023-03-08,5.8,249.0,23.7,1148.0,5.48,Wheat
Yangon,2020-03-19,6.6,263.4,20.1,918.0,2.5,Wheat
Mandalay,2019-02-21,7.8,326.8,27.3,671.0,2.38,Corn
Naypyidaw,2023-12-02,8.4,194.9,27.8,671.0,3.75,Beans
Monywa,2023-02-19,7.2,490.1,34.1,1422.0,3.08,Rice
Mandalay,2019-07-03,6.1,150.8,22.3,712.0,3.61,Wheat
Sagaing,2022-09-10,7.1,349.1,28.5,1306.0,4.41,Corn
Bago,2019-11-15,6.7,92.8,26.3,580.0,4.16,Sesame
Monywa,2018-02-09,6.7,125.1,27.7,1480.0,4.93,Beans
Sagaing,2023-07-08,6.5,505.5,29.8,546.0,1.58,Rice
Taungoo,2021-04-11,5.1,142.7,25.8,1348.0,6.47,Beans
Naypyidaw,2023-09-24,5.4,77.4,35.5,1050.0,6.76,Sesame
Yangon,2022-12-13,6.9,594.0,22.0,1627.0,6.81,Rice
Magway,2018-05-13,6.6,215.7,36.3,1991.0,4.07,Corn
Taungoo,2020-05-09,7.8,356.9,27.0,1449.0,5.98,Corn
Bago,2019-07-25,7.7,490.0,36.1,1298.0,4.99,Rice
Pathein,2019-11-21,6.1,425.4,25.8,1787.0,2.87,Rice
Mandalay,2019-07-10,8.4,473.6,38.4,1801.0,7.95,Rice
Bago,2019-06-28,5.9,429.7,36.6,1514.0,6.33,Beans
Naypyidaw,2019-08-06,7.0,168.5,28.3,1450.0,4.16,Beans
Mandalay,2022-07-09,6.8,174.2,38.7,1925.0,3.58,Beans
Monywa,2018-01-11,8.0,509.8,21.9,1452.0,7.81,Rice
Monywa,2018-09-17,7.8,244.7,39.4,1242.0,6.77,Corn
Monywa,2021-03-07,6.2,351.0,31.3,1016.0,4.4,Corn
Yangon,2018-07-08,5.3,472.5,29.2,1786.0,1.87,Beans
Naypyidaw,2023-02-13,5.0,575.2,24.0,698.0,5.82,Wheat
Magway,2019-10-14,8.1,527.2,21.9,624.0,3.52,Rice
Bago,2018-08-01,6.4,190.3,34.0,1483.0,2.64,Beans
Mandalay,2018-01-05,5.7,56.0,31.9,1168.0,4.64,Sesame
Yangon,2021-11-08,7.9,593.0,28.4,606.0,1.93,Rice
Sagaing,2019-01-01,7.6,70.4,26.3,706.0,7.17,Sesame
Bago,2019-08-09,5.2,342.3,32.2,1027.0,2.15,Corn
Taungoo,2019-09-13,8.2,373.5,28.8,1845.0,2.52,Corn
Bago,2019-05-20,7.1,236.6,39.3,710.0,3.2,Corn
Magway,2018-12-12,5.9,364.6,34.4,1912.0,2.99,Corn
Yangon,2021-05-20,5.7,368.1,23.8,1469.0,3.74,Wheat
Taungoo,2023-07-21,6.4,152.2,32.8,1833.0,1.5,Beans
Yangon,2022-01-19,8.3,87.9,37.2,1048.0,4.98,Sesame
Bago,2023-04-14,8.3,464.5,20.3,893.0,1.47,Rice
Yangon,2018-09-05,8.3,244.8,25.7,1651.0,5.99,Corn
Sagaing,2022-07-06,5.3,326.6,32.3,965.0,2.94,Corn
Meiktila,2020-04-12,8.4,101.7,26.5,1645.0,5.11,Beans
Mandalay,2021-06-24,7.4,440.7,36.9,629.0,1.41,Rice
Sagaing,2019-04-21,6.6,369.2,26.2,1611.0,6.19,Corn
Mandalay,2018-02-21,7.5,423.9,23.3,1285.0,7.67,Rice
Magway,2019-11-15,6.3,452.4,37.5,677.0,6.13,Rice
Yangon,2021-10-04,7.8,170.5,21.3,1365.0,5.99,Wheat
Mandalay,2023-07-26,6.6,222.5,30.0,1052.0,4.97,Corn
Magway,2019-02-26,8.1,407.7,22.3,504.0,6.19,Rice
Yangon,2020-09-28,5.2,224.7,38.4,1941.0,2.25,Corn
Yangon,2022-09-14,5.8,156.5,38.3,1739.0,3.24,Beans
Pathein,2022-03-08,5.4,407.3,21.1,1274.0,2.56,Wheat
Yangon,2022-07-01,5.2,284.4,25.6,991.0,6.91,Corn
Meiktila,2023-02-14,5.0,128.4,31.3,1434.0,3.13,Beans
Naypyidaw,2022-02-17,7.1,301.1,35.5,1851.0,2.37,Corn
Taungoo,2019-09-09,5.0,251.9,24.7,1759.0,3.42,Wheat
Yangon,2021-10-04,5.0,397.8,37.0,656.0,6.09,Corn
Meiktila,2020-09-02,6.5,577.1,39.5,920.0,2.0,Rice
Yangon,2020-08-06,8.1,316.7,34.0,1962.0,3.61,Corn
Mandalay,2019-01-27,6.8,386.0,27.9,593.0,5.14,Corn
Bago,2020-08-27,6.0,512.0,38.5,1748.0,3.75,Beans
Monywa,2021-07-26,6.6,147.8,38.9,1655.0,1.95,Beans
Mandalay,2019-09-29,5.4,275.2,26.3,1037.0,1.85,Corn
Taungoo,2023-01-26,6.1,166.4,22.4,1529.0,2.1,Wheat
Pathein,2018-06-15,5.8,515.4,23.0,1953.0,5.98,Wheat
Sagaing,2023-10-05,5.2,186.3,36.4,1928.0,2.22,Beans
Naypyidaw,2020-10-20,5.3,70.1,35.9,593.0,1.85,Sesame
Taungoo,2019-06-20,5.7,246.3,33.7,626.0,7.56,Corn
Pathein,2020-11-26,8.2,54.2,39.9,1469.0,2.38,Sesame
Bago,2019-01-12,8.2,499.3,26.6,1191.0,1.3,Rice
Bago,2022-11-10,7.9,243.0,20.6,759.0,5.78,Wheat
Taungoo,2020-02-06,6.0,273.1,23.0,1425.0,5.3,Wheat
Magway,2023-08-06,6.4,334.9,21.2,706.0,2.96,Wheat
Taungoo,2023-11-24,5.9,596.5,30.9,1074.0,1.14,Beans
Monywa,2023-05-19,6.9,296.0,38.3,1083.0,4.52,Corn
Bago,2018-04-17,6.1,139.2,37.9,588.0,6.45,Beans
Naypyidaw,2023-12-09,6.3,354.6,24.7,872.0,2.12,Wheat
Taungoo,2020-12-27,6.9,476.8,34.7,1922.0,6.35,Rice
Pathein,2022-05-10,6.2,505.1,36.9,1389.0,2.23,Rice
Monywa,2018-04-26,7.5,217.5,31.4,1923.0,1.99,Corn
Naypyidaw,2021-06-19,5.6,32.4,21.1,530.0,5.21,Sesame
Naypyidaw,2018-01-03,6.2,372.3,36.1,766.0,3.39,Corn
Monywa,2018-09-01,5.1,356.1,38.3,1770.0,6.42,Corn
Monywa,2018-10-25,6.3,565.7,27.9,953.0,1.71,Rice
Bago,2019-10-08,7.6,267.8,32.8,976.0,4.41,Corn
Meiktila,2022-01-01,5.8,357.5,23.5,1533.0,3.15,Wheat
Bago,2019-12-29,7.6,569.8,39.0,1991.0,3.74,Rice
Pathein,2018-05-13,5.6,197.7,36.2,1459.0,5.28,Beans
Mandalay,2023-07-26,5.5,449.8,24.8,752.0,7.88,Wheat
Mandalay,2021-10-07,6.6,166.5,25.0,885.0,1.47,Beans
Mandalay,2018-01-06,5.2,268.5,28.4,1121.0,2.16,Corn
Sagaing,2021-12-09,6.9,69.8,29.6,1476.0,7.05,Sesame
Taungoo,2019-10-29,6.6,481.5,20.7,892.0,1.14,Rice
Mandalay,2018-10-31,6.2,533.9,23.2,1913.0,1.53,Rice
Mandalay,2021-10-16,7.1,372.1,29.7,1914.0,1.22,Corn
Bago,2022-11-14,5.5,69.7,24.1,1546.0,2.33,Sesame
Meiktila,2020-12-22,7.3,185.5,21.9,1324.0,3.75,Wheat
Naypyidaw,2019-09-22,5.2,12.3,21.8,1438.0,6.77,Sesame
Naypyidaw,2020-03-28,5.3,132.1,32.8,1210.0,7.84,Beans
Mandalay,2021-06-17,7.7,287.9,37.9,1463.0,2.86,Corn
Sagaing,2020-01-28,6.3,235.1,23.7,1160.0,1.31,Wheat
Magway,2020-07-15,7.9,342.9,23.0,645.0,5.88,Wheat
Monywa,2022-08-23,8.4,357.9,31.1,1728.0,6.89,Corn
Sagaing,2023-04-29,7.0,149.0,26.0,1781.0,3.76,Beans
Yangon,2023-08-19,7.0,314.9,31.4,721.0,7.88,Corn
Naypyidaw,2019-12-10,8.3,108.6,24.2,564.0,2.35,Wheat
Mandalay,2022-11-19,5.7,495.3,23.0,980.0,5.17,Wheat
Mandalay,2018-12-23,6.4,244.4,26.5,1187.0,2.93,Corn
Yangon,2023-11-11,7.7,76.4,23.0,1374.0,4.97,Sesame
Mandalay,2019-03-09,7.0,69.6,25.7,1016.0,4.75,Sesame
Sagaing,2020-12-17,6.3,296.5,32.2,913.0,1.26,Corn
Bago,2022-07-04,5.1,534.8,26.6,1619.0,2.66,Beans
Magway,2022-03-06,5.1,492.3,26.1,1237.0,2.96,Beans
Mandalay,2020-07-22,5.5,584.8,28.9,904.0,6.78,Beans
Sagaing,2019-01-01,5.7,134.7,36.5,1639.0,6.19,Beans
Monywa,2018-08-19,6.8,103.8,26.2,703.0,4.55,Beans
Meiktila,2018-04-29,5.6,526.4,24.0,550.0,1.4,Wheat
Yangon,2022-01-16,7.5,171.6,36.5,1453.0,4.54,Beans
Mandalay,2018-05-06,5.8,298.4,28.9,1212.0,7.72,Corn
Meiktila,2021-12-03,6.2,504.2,25.2,636.0,6.82,Rice
Yangon,2022-05-03,5.2,513.8,35.6,832.0,2.5,Beans
Taungoo,2020-04-26,5.9,251.6,20.4,1651.0,6.46,Wheat
Yangon,2023-04-26,8.2,391.9,32.0,879.0,1.06,Corn
Magway,2021-02-01,6.5,232.1,27.0,1200.0,2.76,Corn
Meiktila,2022-06-15,7.0,14.3,40.0,1759.0,7.77,Sesame
Meiktila,2021-03-03,6.0,73.8,21.3,1461.0,7.92,Sesame
Magway,2020-12-05,7.3,571.8,33.0,1276.0,2.32,Rice
Taungoo,2018-08-21,7.8,483.4,32.0,1521.0,5.62,Rice
Yangon,2023-07-31,8.5,163.1,28.4,553.0,3.72,Beans
Pathein,2020-02-17,6.2,430.9,33.7,1214.0,5.47,Rice
Monywa,2023-09-09,6.1,110.3,33.2,941.0,4.91,Beans
Naypyidaw,2019-06-09,7.6,437.9,31.2,1920.0,7.39,Rice
Monywa,2019-01-01,5.8,141.8,37.4,1830.0,3.94,Beans
Monywa,2020-12-03,7.0,283.6,22.4,1452.0,1.38,Wheat
Pathein,2018-10-19,6.7,124.8,22.4,1295.0,5.76,Wheat
Sagaing,2018-08-10,8.0,99.0,39.8,1981.0,3.4,Sesame
Naypyidaw,2019-08-10,6.1,432.2,35.6,1447.0,4.41,Rice
Bago,2021-07-07,7.2,12.8,25.5,753.0,6.33,Sesame
Bago,2023-06-29,7.7,470.1,22.6,1144.0,4.04,Rice
Sagaing,2023-05-10,6.3,32.3,24.0,521.0,3.61,Sesame
Monywa,2023-12-16,5.7,409.3,32.5,1540.0,2.74,Beans
Monywa,2021-07-02,5.5,236.3,31.8,1736.0,2.17,Corn
Magway,2021-04-06,6.6,317.0,30.5,1530.0,4.04,Corn
Bago,2021-11-04,8.5,299.2,35.0,1860.0,2.15,Corn
Sagaing,2018-03-20,5.8,439.0,22.6,1385.0,6.14,Wheat
Bago,2019-05-20,6.3,393.8,20.7,884.0,7.14,Wheat
Meiktila,2018-07-19,7.1,38.3,22.2,572.0,6.85,Sesame
Mandalay,2022-09-04,6.6,82.9,25.1,808.0,5.91,Sesame
Yangon,2021-05-18,6.5,69.6,30.4,1551.0,5.36,Sesame
Sagaing,2019-03-06,6.8,374.4,25.7,1247.0,6.49,Corn
Pathein,2020-03-29,7.7,500.6,39.5,1115.0,3.51,Rice
Bago,2018-06-11,6.9,547.1,33.8,852.0,4.36,Rice
Yangon,2018-12-31,8.2,502.8,33.4,635.0,2.04,Rice
Meiktila,2018-11-04,7.5,69.8,25.1,1983.0,2.62,Sesame
Magway,2020-12-17,6.6,68.9,23.5,936.0,1.28,Sesame
Monywa,2022-10-11,7.6,66.0,35.2,1778.0,1.32,Sesame
Bago,2021-09-08,6.3,268.3,32.4,639.0,7.15,Corn
Monywa,2020-01-20,5.4,246.1,29.1,1535.0,6.85,Corn
Naypyidaw,2022-09-24,7.3,480.2,22.3,588.0,5.87,Rice
Bago,2019-03-01,6.5,358.5,36.0,772.0,5.75,Corn
Sagaing,2022-01-08,7.1,518.9,37.6,1838.0,6.09,Rice
Naypyidaw,2023-06-23,5.4,252.7,20.9,971.0,2.83,Wheat
Meiktila,2020-07-06,8.4,405.2,26.8,1551.0,4.66,Rice
Mandalay,2022-11-08,7.3,156.7,26.9,1077.0,5.73,Beans
Meiktila,2018-08-12,5.0,561.3,30.1,1244.0,4.29,Beans
Bago,2018-11-03,7.6,199.2,26.6,1260.0,2.95,Beans
Meiktila,2022-03-31,6.4,148.6,29.2,1172.0,6.61,Beans
Naypyidaw,2023-01-06,6.1,588.6,34.9,1105.0,1.12,Rice
Yangon,2018-01-01,7.9,477.2,39.3,1835.0,5.46,Rice
Meiktila,2020-04-27,7.3,279.2,26.8,1725.0,6.78,Corn
Naypyidaw,2021-09-21,7.0,375.7,29.5,1574.0,5.6,Corn
Mandalay,2019-02-04,7.7,140.8,26.8,1947.0,6.81,Beans
Magway,2023-11-09,6.3,72.7,37.9,1733.0,4.45,Sesame
Sagaing,2019-03-15,5.9,125.6,22.4,823.0,6.97,Wheat
Taungoo,2021-10-16,5.4,254.5,38.5,1383.0,6.86,Corn
Naypyidaw,2023-02-17,7.3,574.2,22.7,1296.0,4.49,Rice
Yangon,2022-11-08,7.9,294.9,30.2,766.0,7.45,Corn
Pathein,2019-12-13,7.6,85.7,27.7,1824.0,5.2,Sesame
Meiktila,2022-04-25,6.5,369.3,33.9,1097.0,2.74,Corn
Monywa,2021-04-19,6.6,88.7,28.3,1623.0,5.9,Sesame
Magway,2021-07-09,7.5,562.0,32.7,1436.0,2.41,Rice
Magway,2021-11-15,8.2,88.3,34.2,767.0,7.83,Sesame
Meiktila,2021-08-13,7.5,458.9,31.2,1914.0,5.08,Rice
Sagaing,2023-12-27,6.0,509.9,36.2,538.0,4.66,Beans
Bago,2018-08-06,7.3,127.9,35.0,930.0,2.13,Beans
Magway,2019-08-23,7.9,417.5,25.9,548.0,6.28,Rice
Naypyidaw,2019-02-24,7.2,408.6,31.2,1471.0,2.57,Rice
Sagaing,2020-08-31,6.8,480.1,33.9,570.0,5.85,Rice
Sagaing,2022-05-07,6.5,475.0,33.7,581.0,7.76,Rice
Magway,2020-04-11,7.2,470.7,37.4,1867.0,6.81,Rice
Monywa,2020-03-15,7.7,578.9,25.9,1524.0,2.24,Rice
Bago,2019-12-13,7.6,80.4,20.8,896.0,2.95,Sesame
Bago,2020-11-10,5.0,285.1,38.7,1893.0,1.28,Corn
Pathein,2018-07-28,7.7,379.0,36.9,1685.0,3.11,Corn
Meiktila,2022-01-06,5.3,427.5,30.5,1281.0,7.7,Beans
Meiktila,2019-10-15,6.5,326.9,21.8,820.0,2.55,Wheat
Monywa,2021-09-18,6.3,138.9,35.1,1995.0,4.71,Beans
Yangon,2019-04-15,7.3,272.9,38.1,1432.0,5.3,Corn
Yangon,2021-08-07,6.3,479.8,22.3,1586.0,2.8,Rice
Yangon,2023-10-19,7.9,231.2,36.1,566.0,4.12,Corn
Taungoo,2021-08-05,6.8,569.4,23.3,1307.0,7.69,Rice
Yangon,2018-09-26,5.7,381.4,24.3,1753.0,5.8,Wheat
Taungoo,2022-11-18,7.3,564.5,34.9,1189.0,2.08,Rice
Monywa,2018-06-05,5.3,42.0,35.9,1362.0,4.91,Sesame
Taungoo,2020-11-25,6.4,276.2,28.1,1084.0,3.21,Corn
Mandalay,2023-12-31,5.0,435.0,21.3,568.0,6.22,Wheat
Mandalay,2022-01-05,8.2,72.6,35.7,630.0,3.11,Sesame
Naypyidaw,2022-04-12,6.4,399.8,29.5,705.0,4.73,Corn
Sagaing,2021-04-23,8.4,95.0,33.5,1693.0,7.4,Sesame
Monywa,2018-02-15,6.9,337.5,22.5,1395.0,1.04,Wheat
Meiktila,2018-12-15,6.1,451.5,38.1,1119.0,3.41,Rice
Meiktila,2019-08-07,5.6,140.3,36.7,772.0,2.36,Beans
Pathein,2018-08-11,8.0,560.1,39.9,1324.0,4.23,Rice
Magway,2018-10-03,5.9,126.5,31.6,1036.0,7.66,Beans
Taungoo,2019-02-14,6.0,51.2,23.9,993.0,4.4,Sesame
Magway,2019-09-17,7.0,225.1,26.3,507.0,4.0,Corn
Taungoo,2020-06-26,7.5,388.1,25.5,1519.0,3.52,Corn
Monywa,2023-05-20,6.6,221.7,26.1,764.0,4.86,Corn
Pathein,2018-12-02,7.9,516.6,22.8,895.0,4.77,Rice
Mandalay,2018-11-05,8.1,511.3,32.6,1368.0,6.69,Rice
Pathein,2020-05-21,8.2,335.4,30.9,1208.0,7.99,Corn
Bago,2022-02-07,6.4,535.9,31.8,701.0,7.0,Rice
Meiktila,2023-09-22,5.3,224.7,20.2,1946.0,2.67,Wheat
Pathein,2019-11-11,7.7,92.8,23.2,1349.0,4.96,Sesame
Bago,2023-06-04,8.3,33.8,35.2,897.0,2.62,Sesame
Taungoo,2018-06-25,7.3,315.6,35.8,1877.0,3.72,Corn
Yangon,2018-06-13,8.4,201.2,34.1,1744.0,4.65,Corn
Magway,2019-12-14,6.3,233.3,31.8,617.0,7.29,Corn
Magway,2022-03-22,8.4,141.5,28.1,1018.0,6.72,Beans
Naypyidaw,2018-01-28,6.8,92.0,23.3,1465.0,1.54,Sesame
Taungoo,2019-09-08,5.7,223.7,34.3,846.0,1.83,Corn
Monywa,2019-04-10,6.7,292.5,24.2,1750.0,2.13,Wheat
Yangon,2020-09-25,5.2,348.4,23.2,559.0,5.41,Wheat
Pathein,2019-08-25,5.2,162.4,23.6,1399.0,7.71,Wheat
Pathein,2018-03-18,8.1,439.5,36.4,825.0,7.63,Rice
Pathein,2023-04-15,8.0,110.6,36.6,1692.0,5.21,Beans
Bago,2023-09-24,5.9,437.3,26.9,1386.0,4.17,Beans
Taungoo,2022-03-30,6.3,74.1,24.0,1257.0,7.02,Sesame
Sagaing,2019-09-05,7.1,114.7,38.0,1817.0,5.2,Beans
Meiktila,2023-08-24,7.6,65.0,33.2,1309.0,7.31,Sesame
Yangon,2022-11-03,6.8,228.5,20.9,844.0,4.71,Wheat
Naypyidaw,2022-04-11,6.2,484.7,38.2,1364.0,6.86,Rice
Sagaing,2019-07-03,5.9,461.9,38.2,1397.0,1.59,Beans
Meiktila,2022-08-01,5.9,13.2,34.9,1284.0,1.05,Sesame
Meiktila,2018-01-30,6.3,131.2,36.1,660.0,3.86,Beans
Sagaing,2020-11-04,5.9,326.3,31.3,1988.0,5.28,Corn
Sagaing,2020-04-14,6.4,472.4,29.6,1332.0,3.59,Rice
Magway,2021-06-10,7.0,466.8,28.0,1796.0,1.97,Rice
Mandalay,2020-07-30,6.6,422.6,23.2,1101.0,2.5,Rice
Monywa,2018-08-02,5.6,579.1,20.1,718.0,1.64,Wheat
Pathein,2022-11-19,5.3,165.2,27.4,1587.0,5.26,Beans
Sagaing,2023-11-05,6.0,578.5,21.1,763.0,6.42,Wheat
Naypyidaw,2022-12-04,5.0,511.8,38.6,792.0,4.63,Beans
Pathein,2023-09-23,6.8,146.7,23.4,859.0,1.25,Wheat
Yangon,2019-10-07,5.3,172.8,28.0,1108.0,5.69,Beans
Taungoo,2023-10-22,5.1,425.1,38.4,1589.0,4.85,Beans
Meiktila,2021-11-26,6.2,491.2,24.5,1182.0,7.74,Rice
Sagaing,2018-01-20,5.9,250.2,22.1,941.0,1.51,Wheat
Mandalay,2023-10-04,8.3,526.9,36.3,1541.0,5.02,Rice
Sagaing,2023-06-04,7.7,456.9,39.2,1191.0,4.21,Rice
Pathein,2018-04-23,6.7,162.1,27.7,831.0,6.52,Beans
Taungoo,2021-07-17,6.4,218.3,30.7,895.0,5.91,Corn
Magway,2019-01-16,6.4,451.8,26.8,768.0,4.88,Rice
Monywa,2021-12-19,5.8,348.5,23.7,1895.0,6.22,Wheat
Taungoo,2023-08-06,7.6,148.6,24.8,844.0,2.86,Wheat
Taungoo,2021-12-29,5.5,72.9,38.4,1495.0,5.73,Sesame
Pathein,2018-01-28,7.7,329.5,20.8,1431.0,4.38,Wheat
Naypyidaw,2021-01-30,6.7,590.8,38.3,833.0,2.96,Rice
Pathein,2019-06-10,5.2,481.6,29.6,1254.0,4.79,Beans
Sagaing,2019-12-17,6.6,81.0,30.4,513.0,3.21,Sesame
Taungoo,2022-04-04,7.0,202.0,32.3,1323.0,2.82,Corn
Taungoo,2021-01-08,6.6,371.7,27.3,816.0,4.49,Corn
Monywa,2022-02-04,8.0,175.0,23.6,1364.0,1.92,Wheat
Taungoo,2019-02-14,7.5,484.4,31.1,794.0,6.99,Rice
Bago,2023-04-22,7.8,114.2,30.0,1774.0,7.97,Beans
Meiktila,2023-12-28,7.5,473.3,26.0,1352.0,4.93,Rice
Sagaing,2019-02-10,7.4,45.4,36.3,1445.0,4.34,Sesame
Naypyidaw,2021-10-02,5.9,222.6,31.1,1016.0,6.67,Corn
Sagaing,2019-05-12,6.2,411.0,32.1,1475.0,5.04,Rice
Meiktila,2019-12-16,8.4,177.9,26.5,1662.0,4.57,Beans
Naypyidaw,2018-11-18,6.3,179.0,32.6,751.0,2.01,Beans
Monywa,2022-09-24,7.2,347.3,37.0,743.0,1.5,Corn
Taungoo,2021-07-08,6.1,181.9,25.3,907.0,5.51,Beans
Naypyidaw,2022-01-27,7.6,317.4,29.0,1781.0,2.17,Corn
Bago,2020-08-19,7.3,564.9,34.0,750.0,1.56,Rice
Mandalay,2019-01-27,5.2,528.4,31.0,1096.0,1.18,Beans
Mandalay,2019-03-02,5.9,101.6,33.1,964.0,7.2,Beans
Taungoo,2021-03-09,6.6,84.6,30.5,553.0,2.19,Sesame
Monywa,2021-08-25,8.0,285.6,37.4,1323.0,7.54,Corn
Bago,2019-12-27,7.1,279.4,35.0,1152.0,7.14,Corn
Meiktila,2021-06-22,8.2,294.2,24.5,962.0,1.63,Wheat
Sagaing,2020-11-30,5.5,16.2,30.5,704.0,6.31,Sesame
Magway,2023-04-06,6.9,415.8,29.8,949.0,6.29,Rice
Sagaing,2021-04-14,7.1,480.1,31.0,1823.0,2.32,Rice
Sagaing,2022-06-05,5.9,431.8,32.9,831.0,6.8,Beans
Mandalay,2022-09-26,7.2,314.8,36.0,1541.0,5.29,Corn
Magway,2021-03-12,7.3,323.8,25.4,603.0,2.32,Corn
Bago,2021-04-01,5.4,278.7,29.1,1238.0,5.9,Corn
Monywa,2018-03-21,5.5,582.1,20.4,923.0,7.81,Wheat
Bago,2022-12-01,7.5,147.4,23.0,1013.0,4.46,Wheat
Magway,2023-08-04,8.5,283.6,35.8,1765.0,3.31,Corn
Bago,2018-08-18,5.9,241.5,30.9,1844.0,2.27,Corn
Magway,2022-04-12,7.9,82.0,35.4,1657.0,2.74,Sesame
Naypyidaw,2020-10-09,7.6,29.8,29.2,1282.0,6.4,Sesame
Taungoo,2023-04-21,6.4,577.1,38.7,1592.0,2.11,Rice
Meiktila,2023-11-04,5.4,293.9,26.0,578.0,3.52,Corn
Taungoo,2019-04-08,5.8,266.2,20.3,1377.0,6.56,Wheat
Sagaing,2020-09-22,5.0,34.8,35.7,1394.0,4.33,Sesame
Monywa,2019-01-02,5.9,305.0,33.7,1954.0,3.37,Corn
Yangon,2018-09-02,6.2,100.8,30.7,1232.0,1.75,Beans
Monywa,2021-11-23,7.8,268.8,23.9,1037.0,5.82,Wheat
Bago,2020-10-23,8.1,296.3,28.8,1546.0,3.06,Corn
Taungoo,2020-02-04,6.9,201.0,29.4,1398.0,7.07,Corn
Meiktila,2019-10-19,5.2,101.5,25.9,1051.0,2.84,Beans
Yangon,2023-09-04,6.3,119.5,20.4,1664.0,7.0,Wheat
Taungoo,2021-08-06,7.5,398.4,30.8,1286.0,3.71,Corn
Naypyidaw,2019-09-24,7.1,200.3,32.8,1285.0,1.77,Corn
Mandalay,2018-06-29,7.9,86.6,37.5,1228.0,2.41,Sesame
Mandalay,2018-05-11,7.0,503.4,33.2,1552.0,4.68,Rice
Magway,2018-07-21,6.3,367.5,21.4,813.0,7.51,Wheat
Naypyidaw,2018-11-24,6.6,387.0,27.2,1836.0,6.2,Corn
Monywa,2018-08-27,7.9,166.8,20.8,956.0,1.49,Wheat
Taungoo,2023-10-29,5.3,437.9,30.6,1289.0,2.33,Beans
Taungoo,2020-01-03,7.0,339.3,34.9,1365.0,6.36,Corn
Naypyidaw,2022-10-16,8.1,108.4,23.6,1006.0,3.81,Wheat
Bago,2023-12-27,8.5,271.4,27.0,1987.0,3.21,Corn
Monywa,2022-03-03,6.4,383.6,36.5,861.0,3.26,Corn
Meiktila,2020-05-26,6.3,334.6,34.9,1179.0,3.52,Corn
Sagaing,2018-01-01,7.5,589.9,31.9,1990.0,4.62,Rice
Magway,2018-01-27,6.1,140.9,37.1,1733.0,1.15,Beans
Magway,2023-09-26,6.9,556.3,23.1,1033.0,1.26,Rice
Bago,2020-12-21,6.3,353.5,24.7,638.0,6.68,Wheat
Sagaing,2020-06-09,7.6,436.9,35.9,1739.0,2.21,Rice
Pathein,2019-01-26,7.1,187.2,34.6,618.0,5.03,Beans
Yangon,2021-10-01,6.2,492.1,28.3,1805.0,7.07,Rice
Taungoo,2018-02-16,7.2,383.0,21.1,979.0,4.67,Wheat
Pathein,2019-09-05,6.1,421.7,23.1,1996.0,5.72,Rice
Naypyidaw,2023-08-30,5.3,264.8,35.7,1004.0,2.04,Corn
Naypyidaw,2018-07-21,6.9,164.9,28.0,1547.0,4.04,Beans
Bago,2023-05-24,7.0,297.8,33.0,1424.0,2.37,Corn
Meiktila,2020-10-05,5.8,167.1,28.6,1364.0,5.79,Beans
Mandalay,2022-08-22,6.5,215.5,26.4,536.0,5.16,Corn
Magway,2019-11-25,8.5,373.6,39.8,719.0,4.1,Corn
Yangon,2020-08-14,5.7,230.6,35.2,669.0,6.97,Corn
Yangon,2020-09-22,8.3,556.8,37.4,521.0,6.74,Rice
Mandalay,2021-06-03,6.6,23.4,24.2,806.0,4.77,Sesame
Meiktila,2020-11-25,6.9,377.6,39.8,1502.0,5.87,Corn
Sagaing,2023-11-28,5.2,110.5,25.7,1427.0,6.52,Beans
Yangon,2023-03-20,7.3,14.9,27.8,1778.0,2.9,Sesame
Monywa,2019-03-18,5.1,521.8,33.0,1071.0,2.62,Beans
Mandalay,2021-07-16,6.7,362.3,21.8,1950.0,2.39,Wheat
Meiktila,2018-03-30,5.1,554.1,26.1,1617.0,4.43,Beans
Yangon,2021-11-21,7.4,219.7,26.0,1968.0,7.97,Corn
Magway,2018-09-11,7.2,528.4,37.8,544.0,6.7,Rice
Meiktila,2021-02-21,5.8,211.7,27.9,1595.0,1.96,Corn
Meiktila,2020-07-20,6.5,348.0,28.5,1408.0,3.19,Corn
Naypyidaw,2019-06-24,5.7,91.8,30.8,1794.0,6.6,Sesame
Magway,2023-11-16,8.2,263.7,38.2,1484.0,6.39,Corn
Pathein,2019-10-10,6.1,338.8,39.0,976.0,1.83,Corn
Bago,2018-05-01,7.7,529.3,28.3,1165.0,3.88,Rice
Magway,2019-09-15,7.7,73.0,23.7,1418.0,6.34,Sesame
Magway,2020-08-03,7.1,146.2,20.5,1670.0,1.56,Wheat
Bago,2023-08-20,8.0,286.6,33.0,1081.0,2.29,Corn
Naypyidaw,2019-07-18,5.6,143.5,28.2,1888.0,7.78,Beans
Sagaing,2020-06-30,7.6,593.1,35.2,1891.0,1.46,Rice
Naypyidaw,2023-06-30,7.4,521.4,37.8,1664.0,3.99,Rice
Pathein,2022-04-08,7.5,242.5,38.8,1304.0,5.0,Corn
Yangon,2023-11-03,5.4,279.6,37.6,869.0,7.14,Corn
Meiktila,2022-06-09,8.4,33.2,27.7,1944.0,6.36,Sesame
Taungoo,2021-04-07,6.5,531.8,35.5,750.0,3.0,Rice
Magway,2018-08-12,7.4,543.2,29.3,636.0,5.52,Rice
Meiktila,2019-04-09,5.6,355.4,37.9,1090.0,4.82,Corn
Monywa,2023-01-21,5.1,277.7,37.9,1824.0,7.27,Corn
Mandalay,2020-10-21,6.1,392.7,34.2,1600.0,2.15,Corn
Mandalay,2019-04-13,7.5,384.1,21.7,1590.0,5.95,Wheat
Meiktila,2019-10-17,6.3,234.6,35.4,1348.0,7.39,Corn
Bago,2019-10-27,8.0,115.5,34.2,964.0,3.94,Beans
Naypyidaw,2021-03-28,7.2,79.4,22.6,1434.0,2.42,Sesame
Magway,2018-02-20,6.6,514.7,30.9,1824.0,1.04,Rice
Taungoo,2020-06-07,7.1,290.7,28.2,1400.0,1.56,Corn
Taungoo,2021-02-13,7.2,339.0,36.5,722.0,1.34,Corn
Monywa,2018-05-31,5.5,29.1,31.6,997.0,5.22,Sesame
Mandalay,2018-07-20,5.4,596.3,23.2,1491.0,2.99,Wheat
Pathein,2019-12-28,8.4,452.1,27.2,1653.0,1.25,Rice
Monywa,2022-02-18,8.1,494.0,35.2,597.0,6.9,Rice
Naypyidaw,2019-07-06,5.4,517.1,26.6,815.0,3.9,Beans
Taungoo,2018-08-27,5.4,440.5,32.6,1225.0,7.91,Beans
Pathein,2021-03-22,6.5,510.2,25.2,1435.0,5.03,Rice
Bago,2023-07-27,6.8,382.8,29.9,1414.0,2.26,Corn
Magway,2020-03-03,5.0,24.2,32.5,1772.0,1.83,Sesame
Pathein,2022-08-26,6.4,206.9,31.2,517.0,5.46,Corn
Taungoo,2021-02-27,5.9,50.0,26.0,1651.0,4.85,Sesame
Mandalay,2021-09-27,6.2,437.4,32.3,763.0,1.2,Rice
Monywa,2021-10-16,8.2,292.7,29.5,704.0,1.25,Corn
Bago,2023-03-02,8.1,326.8,26.7,1121.0,6.49,Corn
Yangon,2023-11-05,6.0,437.7,26.3,812.0,4.75,Beans
Monywa,2021-12-19,5.2,98.1,36.8,1063.0,3.37,Sesame
Meiktila,2019-11-11,7.0,239.8,31.9,1627.0,7.05,Corn
Monywa,2018-05-10,6.0,61.2,37.5,1744.0,3.6,Sesame
Magway,2020-06-04,6.8,113.3,27.5,803.0,1.26,Beans
Mandalay,2022-12-23,6.8,481.4,38.1,1010.0,2.08,Rice
Naypyidaw,2023-11-15,6.1,203.1,35.4,1973.0,1.69,Corn
Meiktila,2019-06-28,5.7,31.6,27.8,674.0,7.05,Sesame
Magway,2018-06-30,7.4,360.6,21.7,569.0,4.27,Wheat
Meiktila,2021-07-03,5.1,457.5,32.8,801.0,2.47,Beans
Magway,2021-02-07,6.9,465.9,33.4,736.0,2.91,Rice
Mandalay,2018-03-04,8.4,340.2,22.0,1324.0,4.8,Wheat
Magway,2019-08-03,8.3,484.4,31.5,967.0,2.2,Rice
Monywa,2022-12-23,5.2,27.1,38.1,1075.0,1.35,Sesame
Mandalay,2022-10-13,6.4,425.8,37.8,1535.0,5.41,Rice
Naypyidaw,2021-12-27,6.1,492.3,34.3,1300.0,5.7,Rice
Naypyidaw,2019-06-24,5.3,483.4,34.0,966.0,1.68,Beans
Naypyidaw,2023-04-12,5.8,142.0,37.2,1869.0,5.32,Beans
Sagaing,2020-01-22,7.4,402.5,35.8,1180.0,7.18,Rice
Yangon,2018-09-25,6.7,217.4,29.2,1652.0,2.2,Corn
Pathein,2019-06-06,6.8,249.4,34.3,1334.0,1.75,Corn
Mandalay,2021-05-22,6.9,246.5,28.3,1322.0,5.35,Corn
Naypyidaw,2022-04-22,5.2,132.9,33.9,1970.0,4.02,Beans
Pathein,2021-11-02,6.9,149.3,33.3,1896.0,1.55,Beans
Pathein,2023-06-17,5.4,361.7,26.5,1168.0,1.68,Corn
Magway,2022-07-21,5.2,74.2,36.3,1068.0,6.4,Sesame
Naypyidaw,2018-09-09,5.3,492.0,37.7,1454.0,7.32,Beans
Yangon,2019-08-24,7.3,277.3,25.8,1171.0,5.31,Corn
Taungoo,2021-07-20,6.0,478.7,33.6,1905.0,7.43,Beans
Monywa,2019-01-01,7.0,370.8,30.2,1779.0,6.93,Corn
Yangon,2022-02-21,8.2,581.1,20.0,1968.0,4.92,Rice
Mandalay,2021-03-01,8.0,148.8,34.0,977.0,3.76,Beans
Sagaing,2022-07-22,6.3,331.6,33.2,782.0,4.32,Corn
Sagaing,2022-01-15,7.9,101.0,39.9,701.0,5.69,Beans
Mandalay,2018-03-06,5.5,532.1,33.2,704.0,7.82,Beans
Bago,2022-08-31,8.0,537.2,33.9,1435.0,7.51,Rice
Naypyidaw,2023-09-18,6.5,493.8,27.7,1137.0,2.58,Rice
Yangon,2023-08-03,8.0,149.7,30.0,1319.0,3.88,Beans
Monywa,2018-05-18,8.4,345.2,34.1,1222.0,1.79,Corn
Mandalay,2019-08-05,7.6,320.6,37.2,919.0,6.25,Corn
Meiktila,2018-11-17,6.8,369.9,24.9,1496.0,5.41,Wheat
Mandalay,2021-07-03,7.1,543.1,30.7,1181.0,1.08,Rice
Naypyidaw,2021-09-19,6.5,576.7,36.0,553.0,3.02,Rice
Pathein,2021-05-30,7.5,342.6,21.2,754.0,4.31,Wheat
Yangon,2021-04-10,7.8,378.3,25.7,1258.0,1.58,Corn
Magway,2020-10-29,5.5,175.8,37.2,667.0,1.1,Beans
Bago,2019-09-12,7.3,228.2,23.5,854.0,6.48,Wheat
Bago,2023-12-01,8.0,212.3,21.7,1901.0,2.02,Wheat
Bago,2023-07-25,7.6,253.6,27.7,1589.0,5.62,Corn
Bago,2020-05-13,7.0,506.7,21.1,1729.0,2.85,Rice
Yangon,2019-11-18,6.6,291.0,29.5,1884.0,7.64,Corn
Taungoo,2022-04-05,7.4,240.1,25.3,1152.0,4.71,Corn
Magway,2023-01-13,6.3,196.3,30.6,646.0,7.69,Beans
Meiktila,2021-12-20,8.3,264.8,38.4,1002.0,7.01,Corn
Magway,2019-02-07,5.9,354.7,29.2,863.0,5.73,Corn
Pathein,2020-03-09,6.8,409.9,39.9,516.0,3.19,Rice
Yangon,2018-10-06,5.0,67.6,22.1,829.0,4.12,Sesame
Magway,2020-10-28,5.7,24.0,21.8,1485.0,7.57,Sesame
Taungoo,2019-05-14,7.5,80.8,37.1,1485.0,1.91,Sesame
Pathein,2020-01-27,8.1,420.4,25.1,1904.0,4.27,Rice
Naypyidaw,2021-02-06,7.7,418.4,33.4,886.0,6.39,Rice
Mandalay,2021-02-09,7.7,235.9,26.7,1933.0,1.42,Corn
Magway,2019-12-30,6.5,300.1,38.6,768.0,5.27,Corn
Naypyidaw,2019-03-21,5.5,463.5,24.4,1869.0,5.5,Wheat
Magway,2019-02-28,5.1,51.5,34.6,528.0,6.44,Sesame
Naypyidaw,2019-09-02,7.3,10.5,20.8,727.0,3.73,Sesame
Monywa,2022-05-22,7.0,314.1,38.8,1154.0,4.43,Corn
Mandalay,2020-07-14,5.0,573.0,36.4,1351.0,4.37,Beans
Monywa,2021-09-27,7.4,246.4,32.6,636.0,7.71,Corn
Meiktila,2021-10-24,5.3,281.2,35.3,765.0,5.53,Corn
Yangon,2022-04-23,7.3,186.3,27.8,1533.0,1.75,Beans
Naypyidaw,2018-12-14,8.1,268.4,23.8,538.0,1.25,Wheat
Pathein,2020-09-03,6.7,47.2,30.8,1301.0,3.15,Sesame
Naypyidaw,2018-03-09,5.1,43.1,35.8,677.0,1.3,Sesame
Meiktila,2023-02-21,8.3,523.4,30.7,849.0,6.19,Rice
Mandalay,2018-06-01,7.6,298.4,20.4,1428.0,7.35,Wheat
Taungoo,2019-06-19,5.1,383.3,38.1,646.0,6.75,Corn
Pathein,2019-12-01,7.9,47.7,36.3,1392.0,1.8,Sesame
Pathein,2020-06-22,5.2,129.6,26.7,1607.0,6.85,Beans
Sagaing,2021-08-21,5.4,413.6,30.9,1947.0,3.25,Beans
Taungoo,2018-07-06,7.1,207.9,22.4,1123.0,1.99,Wheat
Monywa,2019-11-07,6.5,556.1,20.8,1771.0,1.7,Rice
Pathein,2022-03-21,7.7,19.2,29.7,769.0,1.04,Sesame
Mandalay,2021-03-08,6.5,486.4,35.5,809.0,5.85,Rice
Magway,2023-11-13,6.6,151.2,23.5,1394.0,5.84,Wheat
Naypyidaw,2018-12-27,7.2,471.7,27.0,853.0,1.03,Rice
Mandalay,2023-12-12,8.4,375.2,37.3,1261.0,7.91,Corn
Naypyidaw,2020-05-02,6.0,124.3,35.9,1953.0,5.8,Beans
Naypyidaw,2023-07-31,5.6,405.4,20.9,928.0,5.51,Wheat
Sagaing,2020-10-26,6.2,485.0,35.2,1611.0,1.3,Rice
Meiktila,2019-12-22,5.6,27.1,30.3,853.0,1.5,Sesame
Naypyidaw,2021-08-28,6.5,450.8,38.0,665.0,2.61,Rice
Taungoo,2019-02-06,5.8,253.4,24.0,610.0,7.24,Wheat
Pathein,2023-06-08,5.2,267.2,24.3,767.0,5.27,Wheat
Monywa,2019-07-13,6.6,124.6,27.2,1004.0,2.89,Beans
Yangon,2018-09-02,6.0,75.6,29.3,1641.0,3.93,Sesame
Taungoo,2021-04-23,7.1,475.8,32.8,755.0,5.28,Rice
Meiktila,2020-07-29,5.3,515.6,29.8,1387.0,7.97,Beans
Naypyidaw,2021-02-17,5.1,262.6,37.5,1151.0,2.73,Corn
Taungoo,2019-09-03,8.2,540.0,28.4,1987.0,1.31,Rice
Meiktila,2018-05-18,6.5,242.6,36.2,647.0,5.88,Corn
Naypyidaw,2020-09-12,5.3,454.3,33.9,827.0,3.85,Beans
Monywa,2021-04-26,5.8,599.4,20.3,743.0,5.68,Wheat
Naypyidaw,2018-04-10,8.4,283.6,22.8,777.0,5.92,Wheat
Monywa,2023-03-17,7.5,10.8,32.5,1536.0,3.69,Sesame
Meiktila,2018-05-14,6.0,454.2,34.0,1363.0,5.29,Beans
Taungoo,2018-11-28,7.2,208.1,38.6,1865.0,4.6,Corn
Monywa,2018-07-31,5.4,225.7,32.4,763.0,3.56,Corn
Meiktila,2018-10-02,7.0,466.4,22.8,1309.0,3.34,Rice
Naypyidaw,2020-05-09,7.6,458.9,26.4,1255.0,7.29,Rice
Sagaing,2021-02-09,5.2,230.0,29.0,1744.0,4.51,Corn
Naypyidaw,2023-12-19,7.4,324.4,25.8,1700.0,5.35,Corn
Mandalay,2020-02-11,8.1,280.1,21.6,933.0,7.29,Wheat
Mandalay,2019-03-24,5.6,76.1,23.0,806.0,2.05,Sesame
Yangon,2021-04-15,6.5,412.6,38.6,1130.0,4.32,Rice
Yangon,2021-04-09,5.7,23.0,36.0,1279.0,6.84,Sesame
Monywa,2022-08-14,7.0,396.9,35.7,1499.0,4.4,Corn
Meiktila,2022-12-29,6.6,344.7,38.0,1684.0,3.15,Corn
Taungoo,2023-06-07,6.3,180.0,36.9,927.0,2.04,Beans
Bago,2019-10-21,7.5,178.3,39.5,1539.0,6.88,Beans
Bago,2019-10-23,5.8,34.3,26.3,891.0,1.89,Sesame
Bago,2020-04-20,7.0,30.5,26.3,1059.0,3.41,Sesame
Meiktila,2019-10-28,6.9,81.7,20.5,1653.0,7.52,Sesame
Naypyidaw,2021-08-04,5.5,582.4,30.9,1471.0,4.55,Beans
Magway,2023-04-26,8.1,582.1,35.1,1500.0,7.96,Rice
Pathein,2022-12-16,6.2,76.3,29.6,1517.0,1.28,Sesame
Mandalay,2021-06-15,5.1,374.3,24.4,990.0,3.5,Wheat
Pathein,2020-03-10,7.0,141.1,38.7,534.0,2.95,Beans
Meiktila,2022-12-30,7.4,575.0,39.5,1236.0,3.76,Rice
Pathein,2023-09-27,8.3,546.0,27.2,1781.0,2.04,Rice
Monywa,2022-05-01,6.3,177.9,27.0,1811.0,7.84,Beans
Mandalay,2020-06-02,7.5,272.1,39.9,933.0,6.63,Corn
Sagaing,2022-08-24,5.5,356.4,21.7,1212.0,2.45,Wheat
Meiktila,2021-10-05,5.2,576.5,35.1,1114.0,1.62,Beans
Magway,2022-08-25,5.6,282.7,31.4,799.0,7.4,Corn
Sagaing,2021-03-31,6.9,34.9,36.5,956.0,6.84,Sesame
Meiktila,2023-03-14,5.8,476.8,23.1,1461.0,3.1,Wheat
Naypyidaw,2019-05-24,7.3,536.7,28.3,1532.0,4.44,Rice
Taungoo,2018-04-27,5.4,173.6,39.9,1618.0,1.47,Beans
Pathein,2023-05-23,7.0,522.3,32.6,1541.0,4.33,Rice
Mandalay,2022-03-09,6.8,349.4,36.9,588.0,2.14,Corn
Monywa,2023-03-04,8.1,89.9,23.3,1129.0,2.91,Sesame
Monywa,2018-07-19,6.0,322.5,38.7,1650.0,4.6,Corn
Bago,2019-01-23,7.1,108.6,26.5,1767.0,3.21,Beans
Magway,2021-01-16,7.4,416.1,21.9,1735.0,5.06,Rice
Yangon,2019-07-15,6.8,230.1,29.7,1866.0,3.38,Corn
Mandalay,2020-06-11,5.5,140.5,23.8,1420.0,7.28,Wheat
Meiktila,2023-12-20,7.5,424.3,36.1,1874.0,3.92,Rice
Mandalay,2019-06-22,8.2,292.9,26.2,1726.0,3.54,Corn
Pathein,2023-11-13,7.7,211.8,34.2,1722.0,1.2,Corn
Taungoo,2019-06-12,8.0,94.0,24.5,695.0,1.88,Sesame
Mandalay,2022-10-07,7.4,472.6,21.6,1636.0,6.42,Rice
Yangon,2020-03-15,5.4,477.9,30.3,678.0,1.41,Beans
Magway,2018-06-27,5.2,403.9,35.1,1880.0,6.48,Beans
Taungoo,2020-03-30,5.6,217.4,21.8,1913.0,6.92,Wheat
Pathein,2021-11-25,6.2,514.5,35.6,1257.0,5.29,Rice
Mandalay,2019-02-10,7.9,460.3,30.6,1946.0,6.01,Rice
Bago,2018-01-18,8.4,68.2,24.3,1562.0,4.53,Sesame
Monywa,2020-01-29,6.5,575.1,23.6,1069.0,3.48,Rice
Taungoo,2023-10-08,5.8,76.6,39.7,665.0,1.87,Sesame
Bago,2023-07-24,7.7,425.8,31.1,992.0,1.28,Rice
Mandalay,2022-04-26,6.0,364.2,26.2,1166.0,7.83,Corn
Meiktila,2022-07-27,6.0,514.7,23.8,1762.0,1.49,Wheat
Naypyidaw,2022-02-14,5.6,599.2,29.8,1157.0,1.74,Beans
Mandalay,2019-05-04,5.5,246.4,31.8,1888.0,1.71,Corn
Bago,2018-09-23,6.3,127.5,24.0,1106.0,6.91,Wheat
Taungoo,2022-10-06,7.5,174.3,34.3,909.0,5.07,Beans
Sagaing,2021-12-29,6.7,365.9,28.1,918.0,4.39,Corn
Naypyidaw,2019-03-19,5.4,298.7,24.6,545.0,7.6,Wheat
Yangon,2018-10-07,6.7,25.8,23.6,990.0,5.23,Sesame
Magway,2019-01-30,7.7,400.0,30.4,1199.0,4.45,Beans
Magway,2023-08-02,6.7,164.4,26.9,1320.0,7.02,Beans
Yangon,2022-10-29,8.1,80.3,29.0,1164.0,6.97,Sesame
Yangon,2018-05-15,5.6,399.1,35.6,746.0,7.19,Corn
Sagaing,2019-07-05,6.1,239.6,35.3,1236.0,4.98,Corn
Meiktila,2023-04-09,6.7,514.1,30.1,1242.0,3.74,Rice
Sagaing,2021-12-15,7.7,177.8,21.2,692.0,5.13,Wheat
Monywa,2021-11-29,7.8,354.5,35.3,1071.0,5.38,Corn
Sagaing,2021-11-14,8.5,253.0,21.1,852.0,2.71,Wheat
Magway,2018-12-14,8.2,48.6,26.1,530.0,3.36,Sesame
Monywa,2018-06-03,6.6,519.4,31.4,900.0,7.31,Rice
Naypyidaw,2018-04-02,8.5,232.9,27.8,1712.0,5.01,Corn
Mandalay,2020-04-23,6.2,306.6,35.3,1422.0,3.38,Corn
Monywa,2022-11-21,5.7,384.9,39.5,1776.0,1.53,Corn
Taungoo,2021-03-23,5.9,185.4,31.5,1437.0,6.63,Beans
Mandalay,2019-01-24,7.1,171.3,31.3,1141.0,4.72,Beans
Monywa,2018-11-11,7.3,188.1,36.1,1310.0,4.03,Beans
Taungoo,2022-08-25,6.4,378.7,29.1,771.0,6.34,Corn
Yangon,2023-10-16,8.0,350.3,24.3,1613.0,7.73,Wheat
Naypyidaw,2021-01-02,8.3,324.3,32.3,1151.0,6.38,Corn
Pathein,2018-09-03,6.8,224.9,23.0,1528.0,2.05,Wheat
Magway,2022-11-19,6.4,517.5,38.2,1769.0,5.44,Rice
Magway,2021-03-21,7.3,161.3,32.0,670.0,3.84,Beans
Taungoo,2018-04-24,5.9,498.1,29.3,1154.0,4.92,Beans
Yangon,2020-04-07,5.6,90.5,25.2,1488.0,6.62,Sesame
Bago,2018-06-22,8.4,296.6,20.4,626.0,7.02,Wheat
Pathein,2021-05-05,8.0,541.3,28.1,1486.0,3.54,Rice
Mandalay,2022-06-14,8.3,437.3,22.8,1602.0,1.78,Rice
Mandalay,2023-11-08,7.3,352.4,35.5,1245.0,4.68,Corn
Mandalay,2020-09-02,7.1,466.2,26.3,1606.0,6.83,Rice
Taungoo,2022-09-29,5.8,73.0,24.3,1113.0,2.92,Sesame
Pathein,2018-08-18,6.7,231.1,39.0,1136.0,3.22,Corn
Taungoo,2021-02-11,8.1,562.8,27.3,1732.0,6.01,Rice
Yangon,2018-05-23,7.9,400.7,38.8,1683.0,5.83,Rice
Taungoo,2020-11-02,6.9,192.5,39.2,1718.0,3.54,Beans
Mandalay,2023-12-31,8.0,516.0,27.8,1089.0,7.37,Rice
Magway,2021-05-17,5.3,495.4,24.7,1835.0,2.47,Wheat
Naypyidaw,2021-07-23,8.1,462.4,28.1,1800.0,1.24,Rice
Naypyidaw,2023-04-14,7.6,556.6,26.7,1878.0,3.96,Rice
Mandalay,2019-10-19,7.4,308.7,27.0,1720.0,5.21,Corn
Monywa,2023-01-31,7.4,459.6,32.8,1165.0,2.29,Rice
Bago,2018-01-13,6.4,380.7,26.3,737.0,1.58,Corn
Meiktila,2019-06-17,8.0,414.6,35.9,1218.0,3.24,Rice
Bago,2020-12-03,5.6,359.9,26.6,627.0,2.97,Corn
Monywa,2020-01-16,6.4,232.6,36.7,531.0,4.99,Corn
Yangon,2020-07-25,8.2,584.7,24.0,753.0,5.91,Rice
Sagaing,2022-10-23,7.1,98.1,39.2,1351.0,2.19,Sesame
Yangon,2023-11-24,6.5,552.8,29.1,678.0,5.72,Rice
Taungoo,2020-02-20,8.3,489.9,25.3,1073.0,6.23,Rice
Sagaing,2020-04-26,7.1,597.2,25.7,1127.0,5.74,Rice
Sagaing,2019-08-21,5.1,585.9,24.7,872.0,4.16,Wheat
Pathein,2023-02-20,5.3,286.6,37.4,1096.0,7.82,Corn
Taungoo,2022-04-20,7.5,444.3,25.1,588.0,1.67,Rice
Monywa,2020-08-19,6.6,219.0,32.1,1703.0,5.7,Corn
Yangon,2018-01-22,5.9,375.6,26.1,1056.0,3.76,Corn
Meiktila,2018-06-18,7.0,163.6,30.1,1817.0,7.51,Beans
Bago,2019-01-03,6.1,323.0,22.8,566.0,1.82,Wheat
Bago,2023-08-07,8.1,502.5,35.0,924.0,7.48,Rice
Magway,2020-12-16,6.8,267.1,23.3,1237.0,6.16,Wheat
Bago,2022-12-08,5.2,97.7,24.6,890.0,1.25,Sesame
Naypyidaw,2022-11-23,5.4,538.2,29.9,1983.0,4.09,Beans
Meiktila,2023-06-11,6.6,76.4,34.4,1024.0,2.04,Sesame
Taungoo,2021-03-09,5.6,109.3,30.2,1836.0,2.91,Beans
Pathein,2020-05-19,7.0,583.3,30.5,1125.0,5.0,Rice
Mandalay,2020-10-05,7.7,409.4,37.7,1522.0,1.18,Rice
Mandalay,2022-06-03,6.3,558.2,22.1,543.0,3.26,Rice
Naypyidaw,2023-05-20,6.6,573.6,31.9,1955.0,1.04,Rice
Pathein,2023-01-30,6.1,441.6,34.7,1354.0,7.7,Rice
Taungoo,2018-07-19,7.8,176.9,36.0,1321.0,6.21,Beans
Pathein,2022-04-12,5.3,160.5,24.8,1098.0,6.4,Wheat
Yangon,2020-05-02,5.6,469.9,25.7,1481.0,6.27,Beans
Mandalay,2021-05-07,6.7,265.1,36.1,1527.0,3.17,Corn
Bago,2022-01-10,7.3,500.9,30.3,1828.0,4.43,Rice
Naypyidaw,2021-01-04,7.0,259.6,35.1,1421.0,6.68,Corn
Sagaing,2022-10-11,5.3,312.9,39.5,1471.0,5.74,Corn
Bago,2023-07-22,6.8,391.9,21.7,619.0,4.28,Wheat
Naypyidaw,2021-05-15,5.5,85.4,38.1,1285.0,6.89,Sesame
Magway,2018-07-15,6.9,551.2,30.3,1120.0,4.57,Rice
Naypyidaw,2020-11-03,6.2,355.5,35.4,1611.0,1.11,Corn
Naypyidaw,2020-01-06,7.8,507.3,20.9,1557.0,3.91,Rice
Monywa,2023-02-07,7.7,275.5,36.2,1877.0,3.39,Corn
Bago,2020-05-14,5.6,450.7,32.1,659.0,7.1,Beans
Meiktila,2018-03-15,5.0,78.8,23.4,1538.0,4.34,Sesame
Pathein,2023-06-17,6.1,489.7,32.3,1945.0,5.83,Rice
Sagaing,2021-05-24,5.3,89.7,23.8,1544.0,6.71,Sesame
Taungoo,2018-04-20,5.7,392.7,33.0,1439.0,4.05,Corn
Meiktila,2020-02-21,5.3,464.1,23.0,675.0,3.95,Wheat
Bago,2022-12-29,8.4,288.2,37.2,802.0,5.1,Corn
Pathein,2022-05-24,5.2,14.6,32.6,1969.0,5.99,Sesame
Naypyidaw,2021-04-06,5.1,245.8,30.3,1903.0,6.07,Corn
Naypyidaw,2020-08-07,7.5,321.7,28.4,595.0,3.21,Corn
Sagaing,2023-04-23,5.4,377.4,32.9,1154.0,4.14,Corn
Bago,2021-03-25,7.5,286.9,28.8,1381.0,4.55,Corn
Monywa,2023-04-03,5.5,183.1,34.2,1750.0,7.72,Beans
Monywa,2023-04-19,7.8,508.3,32.4,1624.0,2.98,Rice
Naypyidaw,2019-06-13,5.6,102.2,29.8,1915.0,6.55,Beans
Naypyidaw,2021-05-28,5.8,338.5,40.0,891.0,3.51,Corn
Bago,2019-12-17,7.9,537.7,20.6,1146.0,1.45,Rice
Pathein,2020-07-17,5.4,142.2,25.2,1033.0,3.38,Beans
Yangon,2020-12-31,8.1,513.5,37.5,656.0,5.23,Rice
Yangon,2022-11-29,7.8,578.0,35.1,1672.0,7.82,Rice
Pathein,2019-02-22,7.9,34.8,22.1,1806.0,5.41,Sesame
Monywa,2019-10-06,7.5,427.8,35.2,1806.0,4.49,Rice
Bago,2022-01-29,6.2,91.3,37.0,1124.0,4.07,Sesame
Yangon,2020-10-01,7.9,289.5,25.7,899.0,2.2,Corn
Sagaing,2022-01-17,7.2,154.8,35.1,1681.0,4.71,Beans
Bago,2022-10-23,6.4,251.5,29.2,1692.0,6.97,Corn
Monywa,2018-05-02,6.5,464.4,34.4,604.0,4.62,Rice
Monywa,2021-07-13,6.4,465.7,28.7,556.0,3.75,Rice
Bago,2018-08-25,8.4,588.2,36.0,1959.0,7.13,Rice
Sagaing,2022-07-05,8.1,423.5,37.5,971.0,6.05,Rice
Monywa,2018-02-02,7.9,541.1,32.2,1106.0,2.03,Rice
Taungoo,2022-12-17,7.4,533.7,35.6,796.0,3.83,Rice
Magway,2018-12-12,5.1,207.4,34.5,689.0,6.18,Corn
Meiktila,2021-03-08,5.7,311.9,26.2,1454.0,3.38,Corn
Yangon,2018-04-25,8.1,328.6,25.2,956.0,6.83,Corn
Sagaing,2023-09-01,5.4,45.4,27.5,1032.0,5.39,Sesame
Yangon,2019-05-26,6.6,347.7,20.1,854.0,3.37,Wheat
Pathein,2023-12-25,8.0,148.0,26.0,1723.0,5.67,Beans
Pathein,2019-07-28,7.5,316.6,25.0,1374.0,3.29,Corn
Monywa,2023-02-04,5.3,429.9,36.6,593.0,1.57,Beans
Bago,2023-05-05,5.8,56.1,33.5,1338.0,3.82,Sesame
Sagaing,2020-12-16,7.0,385.5,39.9,1922.0,5.82,Corn
Sagaing,2019-10-30,5.5,85.0,34.2,1557.0,1.91,Sesame
Meiktila,2019-04-29,7.4,278.7,20.7,1339.0,2.1,Wheat
Mandalay,2022-08-01,5.4,228.1,25.8,677.0,4.66,Corn
Magway,2022-03-14,6.1,296.7,35.8,1384.0,1.99,Corn
Yangon,2021-06-03,8.1,137.2,36.4,683.0,4.42,Beans
Monywa,2018-10-04,8.0,256.4,31.5,1850.0,4.96,Corn
Sagaing,2023-05-01,7.9,501.9,22.7,1455.0,1.97,Rice
Naypyidaw,2023-01-14,5.5,439.4,21.8,1435.0,5.37,Wheat
Sagaing,2020-08-11,8.2,210.0,20.9,1165.0,5.69,Wheat
Magway,2018-12-29,8.0,427.3,31.4,1561.0,6.57,Rice
Meiktila,2019-05-23,7.3,60.2,39.1,1636.0,4.79,Sesame
Pathein,2023-11-08,5.7,290.7,37.9,1904.0,1.84,Corn
Bago,2018-03-19,6.0,131.4,36.6,1369.0,6.87,Beans
Mandalay,2023-12-26,7.1,247.1,20.9,535.0,7.03,Wheat
Sagaing,2020-01-10,6.5,517.2,26.3,672.0,2.8,Rice
Mandalay,2019-11-20,6.0,117.8,35.4,1928.0,2.08,Beans
Bago,2018-08-30,7.2,201.9,20.5,1085.0,1.41,Wheat
Monywa,2019-08-07,6.4,201.3,27.5,681.0,6.79,Corn
Taungoo,2020-09-08,7.6,355.8,29.9,1078.0,6.27,Corn
Mandalay,2021-01-08,5.2,284.2,28.1,1111.0,4.39,Corn
Taungoo,2018-03-18,5.9,578.5,33.5,1332.0,2.72,Beans
Bago,2021-06-01,7.0,273.1,36.9,1674.0,4.5,Corn
Bago,2022-03-10,6.9,109.2,24.9,1942.0,7.67,Wheat
Meiktila,2023-01-25,5.1,489.5,39.2,1480.0,5.35,Beans
Bago,2018-01-03,5.2,553.9,25.5,1520.0,2.76,Beans
Monywa,2020-05-21,7.0,311.1,20.9,1345.0,6.17,Wheat
Magway,2019-01-03,6.4,82.6,22.8,919.0,4.9,Sesame
Sagaing,2020-05-13,7.1,574.9,26.4,1014.0,5.77,Rice
Magway,2023-01-29,6.0,400.7,26.4,1938.0,2.47,Beans
Monywa,2018-03-07,8.2,88.9,38.4,506.0,5.26,Sesame
Yangon,2019-12-12,6.4,538.2,34.1,1307.0,6.34,Rice
Mandalay,2018-05-07,8.1,491.5,28.9,1958.0,1.86,Rice
Sagaing,2022-01-06,6.4,505.1,36.2,687.0,7.89,Rice
Monywa,2020-03-01,6.6,140.7,20.4,1882.0,2.97,Wheat
Monywa,2020-02-24,5.3,371.9,26.1,851.0,6.02,Corn
Naypyidaw,2022-01-26,5.1,300.8,34.1,511.0,5.24,Corn
Sagaing,2019-03-31,8.0,345.8,29.9,1490.0,4.86,Corn
Pathein,2019-12-20,5.2,85.7,21.3,1355.0,2.82,Sesame
Taungoo,2023-11-13,7.6,171.9,37.0,1955.0,1.16,Beans
Meiktila,2020-11-01,7.4,531.0,20.0,1510.0,3.99,Rice
Yangon,2021-08-16,6.5,597.1,25.5,1200.0,5.76,Rice
Monywa,2023-10-20,7.7,531.4,24.5,1130.0,2.95,Rice
Naypyidaw,2021-07-19,5.0,124.8,21.6,538.0,5.0,Wheat
Taungoo,2022-10-02,8.4,551.0,23.9,594.0,3.3,Rice
Mandalay,2018-04-25,6.7,486.8,31.9,1001.0,5.38,Rice
Magway,2020-10-09,5.4,150.6,26.8,1000.0,1.38,Beans
Taungoo,2018-10-26,7.7,375.5,35.3,1368.0,5.38,Corn
Mandalay,2018-09-06,8.2,232.7,37.8,1674.0,5.85,Corn
Yangon,2022-12-16,5.2,370.3,28.6,584.0,1.71,Corn
Yangon,2021-04-22,8.0,247.0,32.3,1797.0,3.88,Corn
Pathein,2018-02-13,6.6,283.9,28.6,652.0,5.34,Corn
Yangon,2023-02-03,6.8,356.8,22.2,1570.0,1.09,Wheat
Pathein,2020-03-04,8.2,84.3,30.2,1222.0,3.49,Sesame
Pathein,2022-12-27,5.7,91.2,20.9,1377.0,1.89,Sesame
Meiktila,2022-01-05,6.1,532.3,35.5,963.0,2.03,Rice
Monywa,2021-04-07,6.3,14.8,31.7,586.0,5.75,Sesame
Meiktila,2018-08-12,6.5,125.3,24.0,1678.0,7.36,Wheat
Monywa,2020-02-15,7.3,419.9,39.6,997.0,5.2,Rice
Pathein,2021-10-06,7.2,257.0,23.2,1684.0,4.18,Wheat
Yangon,2023-07-25,5.8,12.2,24.5,1436.0,2.61,Sesame
Taungoo,2023-05-24,7.6,572.0,26.6,808.0,6.18,Rice
Bago,2018-01-28,6.3,53.5,20.6,936.0,1.81,Sesame
Taungoo,2022-01-14,5.2,27.5,24.0,1828.0,2.22,Sesame
Bago,2021-10-23,8.0,155.1,23.9,893.0,2.23,Wheat
Mandalay,2018-03-27,7.9,91.0,33.1,1008.0,7.2,Sesame
Taungoo,2021-06-03,6.6,228.1,27.4,1290.0,2.2,Corn
Pathein,2022-11-12,8.1,48.6,22.9,1692.0,7.47,Sesame
Taungoo,2023-12-22,6.3,230.8,32.0,867.0,7.84,Corn
Yangon,2020-02-14,8.0,183.6,23.0,1444.0,2.73,Wheat
Magway,2019-06-02,8.0,581.3,37.7,622.0,2.46,Rice
Naypyidaw,2018-09-23,5.6,239.0,37.6,1061.0,6.26,Corn
Meiktila,2023-03-17,5.6,430.4,30.5,1934.0,4.38,Beans
Naypyidaw,2021-01-04,7.0,386.5,35.8,811.0,5.55,Corn
Taungoo,2023-01-26,8.0,243.6,26.1,1357.0,7.22,Corn
Monywa,2020-11-08,6.9,89.3,21.7,1027.0,4.11,Sesame
Pathein,2018-06-18,6.6,376.5,28.5,1113.0,4.27,Corn
Naypyidaw,2021-07-22,6.0,24.6,28.8,614.0,2.86,Sesame
Mandalay,2021-04-21,7.9,312.5,32.9,1890.0,6.5,Corn
Mandalay,2019-05-01,5.2,32.6,24.0,994.0,2.38,Sesame
Magway,2021-01-29,5.7,366.4,22.8,1574.0,6.98,Wheat
Meiktila,2020-12-05,5.0,186.7,36.4,1106.0,6.48,Beans
Sagaing,2018-02-18,6.7,312.5,35.2,1096.0,2.04,Corn
Taungoo,2020-05-09,6.7,314.3,35.7,1584.0,6.3,Corn
Naypyidaw,2021-10-27,7.8,194.7,23.8,1547.0,6.39,Wheat
Taungoo,2022-12-02,6.6,339.5,27.5,693.0,5.04,Corn
Yangon,2023-08-10,7.8,502.2,26.8,1529.0,3.93,Rice
Sagaing,2021-05-12,6.1,23.7,35.7,731.0,7.46,Sesame
Monywa,2022-05-21,8.4,130.5,27.8,783.0,4.74,Beans
Mandalay,2021-09-08,7.0,276.4,37.9,656.0,1.65,Corn
Meiktila,2019-12-29,5.1,416.5,29.8,604.0,2.31,Beans
Sagaing,2021-03-08,5.7,181.8,30.5,1053.0,4.18,Beans
Yangon,2019-12-05,6.1,546.8,27.8,694.0,7.93,Rice
Sagaing,2023-05-13,7.6,239.5,38.1,1806.0,2.45,Corn
Magway,2022-11-06,7.9,402.2,23.2,965.0,5.03,Rice
Taungoo,2023-08-21,7.5,280.8,24.0,1169.0,7.94,Wheat
Sagaing,2020-10-08,6.8,547.1,37.6,1364.0,4.22,Rice
Mandalay,2021-03-25,7.3,552.1,26.9,1689.0,6.9,Rice
Sagaing,2019-12-19,6.5,116.0,32.4,1077.0,4.02,Beans
Bago,2019-01-27,6.4,568.0,24.8,911.0,7.09,Rice
Meiktila,2021-04-10,7.3,49.4,34.5,1863.0,7.32,Sesame
Sagaing,2019-05-12,8.5,55.2,22.1,989.0,6.37,Sesame
Naypyidaw,2019-11-07,5.9,308.6,29.2,1542.0,1.51,Corn
Naypyidaw,2022-04-11,6.2,245.6,23.9,876.0,1.26,Wheat
Bago,2021-09-01,7.3,283.9,29.2,1486.0,1.58,Corn
Naypyidaw,2019-07-29,6.6,174.7,23.2,1410.0,6.87,Wheat
Bago,2021-04-19,5.4,447.5,23.4,517.0,5.7,Wheat
Magway,2019-09-21,6.5,115.0,34.3,1298.0,7.25,Beans
Naypyidaw,2018-07-15,7.9,488.8,32.8,1846.0,6.01,Rice
Sagaing,2021-06-16,6.6,362.9,21.0,803.0,3.64,Wheat
Taungoo,2022-03-15,8.2,128.0,20.3,522.0,1.2,Wheat
Taungoo,2018-09-16,5.8,530.5,35.9,752.0,6.81,Beans
Bago,2018-06-30,6.5,73.5,26.5,784.0,4.93,Sesame
Taungoo,2022-06-07,8.3,81.3,24.3,760.0,3.5,Sesame
Sagaing,2021-07-19,5.0,135.5,24.4,918.0,5.61,Wheat
Pathein,2022-02-20,5.2,532.4,28.2,1249.0,6.37,Beans
Mandalay,2019-12-04,5.9,65.9,26.5,1083.0,5.42,Sesame
Bago,2021-09-22,5.6,459.4,33.8,1500.0,7.85,Beans
Mandalay,2021-10-04,5.1,548.1,29.0,1613.0,4.58,Beans
Meiktila,2018-02-24,5.8,373.6,37.9,1607.0,3.16,Corn
Taungoo,2018-11-22,5.2,231.0,25.9,807.0,2.06,Corn
Yangon,2020-09-02,8.2,362.9,38.9,993.0,6.17,Corn
Magway,2021-07-24,7.3,458.7,30.4,1472.0,7.84,Rice
Magway,2018-04-08,5.8,442.4,26.9,581.0,2.44,Beans
Taungoo,2020-06-30,7.1,235.1,26.4,509.0,4.1,Corn
Naypyidaw,2018-10-14,8.3,40.7,39.8,688.0,7.57,Sesame
Bago,2020-04-17,5.8,56.1,34.5,1583.0,3.18,Sesame
Taungoo,2022-10-03,5.6,156.9,25.7,1453.0,4.14,Beans
Magway,2023-05-25,5.3,583.8,28.0,1162.0,2.17,Beans
Meiktila,2022-11-11,7.7,493.6,35.9,1072.0,1.14,Rice
Mandalay,2021-05-14,7.1,100.2,34.5,1195.0,2.8,Beans
Naypyidaw,2021-03-06,6.3,367.6,21.4,1204.0,1.96,Wheat
Bago,2020-02-16,5.0,518.4,34.6,1107.0,3.62,Beans
Sagaing,2022-06-05,8.4,230.2,29.8,1382.0,5.49,Corn
Sagaing,2018-06-09,8.5,83.4,38.6,1644.0,2.14,Sesame
Magway,2021-11-28,6.8,298.3,33.8,1476.0,5.88,Corn
Sagaing,2020-10-07,5.8,30.4,36.3,1515.0,5.42,Sesame
Bago,2020-12-06,7.1,567.1,22.9,1368.0,2.73,Rice
Bago,2018-02-20,5.4,64.5,34.2,1559.0,3.69,Sesame
Mandalay,2023-10-25,8.2,526.8,23.3,1538.0,3.99,Rice
Meiktila,2023-12-24,7.3,235.8,26.2,1815.0,3.88,Corn
Mandalay,2019-03-24,7.2,468.2,26.9,1623.0,2.0,Rice
Sagaing,2021-06-15,5.0,109.4,29.8,1661.0,1.68,Beans
Sagaing,2023-11-21,6.5,180.1,28.6,780.0,2.23,Beans
Bago,2020-03-22,6.7,306.5,22.2,819.0,4.97,Wheat
Taungoo,2018-08-30,7.6,487.4,23.8,1807.0,7.88,Rice
Naypyidaw,2019-03-24,8.0,108.0,25.9,915.0,3.64,Beans
Monywa,2018-05-02,7.0,292.0,33.5,592.0,1.71,Corn
Yangon,2018-06-21,5.3,318.2,20.1,1980.0,5.22,Wheat
Magway,2023-06-14,6.7,208.8,28.6,1835.0,3.6,Corn
Monywa,2020-09-08,8.3,402.4,27.6,1034.0,1.4,Rice
Monywa,2019-02-15,5.0,523.6,28.0,1888.0,6.85,Beans
Yangon,2019-05-19,8.0,174.9,34.0,1053.0,6.71,Beans
Pathein,2023-05-01,6.8,399.5,20.1,1913.0,5.47,Wheat
Monywa,2018-03-10,7.2,525.3,39.4,1517.0,6.15,Rice
Taungoo,2023-06-08,6.4,371.4,21.6,1897.0,4.0,Wheat
Naypyidaw,2019-02-16,7.6,183.4,23.9,1280.0,2.0,Wheat
Pathein,2023-08-29,5.1,303.8,21.7,1994.0,6.83,Wheat
Naypyidaw,2019-11-20,8.1,573.5,29.6,865.0,4.78,Rice
Bago,2019-01-02,5.4,596.1,20.6,990.0,7.5,Wheat
Sagaing,2021-02-22,5.8,162.0,29.5,685.0,7.28,Beans
Bago,2023-12-30,7.2,300.3,35.9,836.0,3.33,Corn
Pathein,2018-09-22,7.3,232.4,34.3,1072.0,6.15,Corn
Meiktila,2022-11-25,7.8,141.9,22.3,634.0,1.61,Wheat
Pathein,2020-02-10,7.6,78.5,27.4,1931.0,6.97,Sesame
Pathein,2018-01-07,6.1,358.1,23.8,1136.0,3.72,Wheat
Monywa,2019-06-02,6.8,365.0,24.4,1307.0,3.77,Wheat
Naypyidaw,2021-07-18,5.5,566.3,36.7,1184.0,4.5,Beans
Pathein,2021-03-06,5.5,402.6,36.0,1398.0,5.92,Beans
Magway,2023-08-20,8.5,82.8,39.9,1217.0,5.95,Sesame
Taungoo,2023-07-21,6.0,580.2,21.2,729.0,6.67,Wheat
Taungoo,2020-07-10,7.5,41.0,37.3,1231.0,2.25,Sesame
Sagaing,2021-05-10,8.4,399.0,37.0,1322.0,7.94,Corn
Monywa,2022-09-27,7.4,594.3,35.2,1292.0,3.74,Rice
Magway,2021-03-02,7.4,125.1,37.1,696.0,3.76,Beans
Pathein,2018-08-10,8.0,428.7,29.2,706.0,2.15,Rice
Naypyidaw,2021-04-07,8.1,133.8,36.1,1477.0,2.37,Beans
Monywa,2019-02-22,7.4,593.2,23.0,1141.0,7.65,Rice
Bago,2018-08-19,5.3,584.8,23.6,1970.0,1.37,Wheat
Monywa,2022-11-12,8.4,379.9,28.1,861.0,1.24,Corn
Naypyidaw,2021-05-24,7.4,573.2,33.1,1538.0,3.63,Rice
Mandalay,2023-03-15,8.0,393.7,25.5,1051.0,5.57,Corn
Mandalay,2019-04-23,5.3,298.6,33.4,535.0,4.57,Corn
Pathein,2023-05-19,6.0,449.8,35.9,1226.0,2.27,Beans
Sagaing,2021-05-07,7.0,68.7,21.3,1693.0,7.36,Sesame
Bago,2022-07-19,7.8,21.7,31.1,1718.0,4.75,Sesame
Naypyidaw,2018-09-19,6.8,355.0,34.3,686.0,6.53,Corn
Taungoo,2019-04-26,5.6,363.5,23.6,1701.0,4.88,Wheat
Mandalay,2018-06-10,5.5,131.7,23.2,1777.0,4.94,Wheat
Yangon,2018-12-13,8.4,308.6,27.3,1135.0,4.81,Corn
Yangon,2020-10-14,6.1,568.3,30.4,1489.0,6.48,Rice
Naypyidaw,2019-07-27,7.0,420.1,30.5,1028.0,7.9,Rice
Meiktila,2023-09-23,5.7,68.4,36.4,782.0,2.66,Sesame
Magway,2020-05-31,8.4,365.3,24.3,693.0,3.51,Wheat
Pathein,2022-09-25,5.3,160.4,27.6,1100.0,7.33,Beans
Mandalay,2020-11-07,7.4,564.7,22.9,1444.0,2.43,Rice
Magway,2020-02-29,7.5,342.5,33.0,746.0,4.58,Corn
Bago,2021-07-19,8.5,265.8,20.5,616.0,5.23,Wheat
Mandalay,2023-12-17,5.4,333.5,21.3,1044.0,5.48,Wheat
Monywa,2021-01-24,5.5,480.9,25.5,1969.0,1.69,Beans
Taungoo,2022-03-31,8.3,471.8,22.5,1813.0,4.69,Rice
Pathein,2023-06-29,5.3,215.9,31.4,907.0,2.97,Corn
Mandalay,2018-07-16,5.6,568.4,27.8,1612.0,3.42,Beans
Meiktila,2022-07-08,6.7,85.3,20.2,733.0,4.59,Sesame
Bago,2019-08-08,6.3,443.9,21.1,1962.0,6.08,Rice
Taungoo,2022-09-10,7.5,118.0,39.7,1253.0,6.59,Beans
Magway,2022-10-19,6.8,433.9,38.5,1453.0,2.6,Rice
Mandalay,2021-06-05,6.4,194.5,21.8,1595.0,1.56,Wheat
Mandalay,2019-11-08,7.0,59.9,25.7,1713.0,7.51,Sesame
Yangon,2022-10-03,7.4,560.1,22.7,1528.0,4.48,Rice
Meiktila,2019-05-26,6.4,373.6,38.2,1571.0,6.22,Corn
Meiktila,2021-11-14,5.9,446.0,39.0,1820.0,6.76,Beans
Meiktila,2018-06-23,7.1,579.1,33.5,1285.0,7.17,Rice
Taungoo,2019-12-18,5.3,505.3,30.3,1134.0,7.67,Beans
Sagaing,2019-11-30,6.3,76.8,38.3,1309.0,2.75,Sesame
Mandalay,2021-04-03,6.0,183.2,24.3,1353.0,6.17,Wheat
Taungoo,2021-06-02,8.3,575.9,30.3,1903.0,7.25,Rice
Pathein,2023-06-23,5.2,13.5,29.2,661.0,3.09,Sesame
Monywa,2020-02-02,6.4,15.2,28.6,1294.0,2.38,Sesame
Bago,2022-08-10,5.4,297.6,23.1,839.0,5.6,Wheat
Sagaing,2022-03-14,6.0,262.7,23.6,663.0,6.68,Wheat
Naypyidaw,2022-12-05,5.6,218.7,28.7,1806.0,3.51,Corn
Taungoo,2019-03-30,5.7,33.8,27.9,1851.0,6.21,Sesame
Bago,2020-03-26,8.3,576.2,39.7,1234.0,1.83,Rice
Naypyidaw,2019-06-06,6.1,461.0,37.6,1885.0,4.51,Rice
Sagaing,2019-06-23,5.4,73.6,20.4,1250.0,2.09,Sesame
Taungoo,2018-08-02,7.4,211.9,39.5,1151.0,6.16,Corn
Magway,2021-03-01,6.7,458.9,25.0,1267.0,2.07,Rice
Taungoo,2021-02-25,7.7,519.9,39.9,1731.0,2.73,Rice
Taungoo,2023-04-26,7.5,487.9,34.0,772.0,4.52,Rice
Pathein,2019-09-02,5.8,88.1,20.8,1894.0,7.93,Sesame
Sagaing,2018-03-14,7.2,63.7,21.0,960.0,3.85,Sesame
Taungoo,2020-06-27,6.2,292.7,30.2,956.0,5.51,Corn
Magway,2022-01-29,6.0,217.1,28.4,571.0,3.24,Corn
Yangon,2018-01-03,5.2,449.4,24.2,1863.0,4.3,Wheat
Mandalay,2022-10-31,5.6,569.5,27.3,645.0,3.13,Beans
Yangon,2019-06-18,6.2,447.4,27.2,1293.0,6.45,Rice
Monywa,2020-09-02,7.3,133.9,27.7,696.0,7.21,Beans
Pathein,2019-05-08,5.1,581.3,37.7,789.0,6.72,Beans
Naypyidaw,2019-02-09,5.3,332.5,26.9,1984.0,6.08,Corn
Taungoo,2023-12-26,7.5,35.8,23.8,879.0,4.85,Sesame
Meiktila,2021-11-23,8.1,274.6,34.3,602.0,7.38,Corn
Sagaing,2023-11-16,8.3,307.3,20.4,1545.0,5.19,Wheat
Bago,2021-04-01,5.2,344.0,35.9,1611.0,5.86,Corn
Sagaing,2023-07-21,7.4,523.5,39.4,1626.0,2.16,Rice
Sagaing,2022-05-18,6.4,170.2,23.7,827.0,2.12,Wheat
Yangon,2023-10-02,6.6,427.6,30.5,831.0,3.12,Rice
Magway,2019-05-03,5.6,36.9,24.8,722.0,1.27,Sesame
Magway,2019-06-29,5.9,476.5,32.8,1735.0,2.74,Beans
Meiktila,2019-04-21,5.0,215.0,32.1,625.0,3.58,Corn
Meiktila,2020-12-17,7.5,250.9,32.2,586.0,3.27,Corn
Yangon,2021-12-27,5.8,579.5,23.5,1306.0,7.8,Wheat
Pathein,2019-03-12,7.5,416.0,38.9,1439.0,2.8,Rice
Pathein,2020-04-24,7.9,140.2,25.4,1712.0,5.07,Beans
Sagaing,2019-09-30,6.6,440.6,28.7,1219.0,2.04,Rice
Naypyidaw,2020-01-14,6.6,491.2,23.5,1915.0,4.99,Rice
Bago,2021-03-01,5.1,106.1,23.6,1412.0,3.76,Wheat
Mandalay,2019-08-11,5.3,154.7,38.2,650.0,7.79,Beans
Meiktila,2019-07-17,7.5,486.7,32.1,531.0,3.65,Rice
Yangon,2018-06-29,5.5,464.4,25.4,1399.0,7.57,Beans
Yangon,2019-03-12,6.9,492.8,37.1,709.0,1.59,Rice
Pathein,2022-12-25,7.9,191.4,29.6,1315.0,2.71,Beans
Magway,2019-05-20,5.1,36.3,30.9,1830.0,1.72,Sesame
Sagaing,2019-08-04,5.0,142.3,24.5,1030.0,3.7,Wheat
Magway,2020-07-14,8.2,413.8,33.7,1852.0,6.0,Rice
Naypyidaw,2019-11-26,8.5,142.5,39.1,614.0,2.97,Beans
Monywa,2019-04-30,6.3,555.6,21.7,727.0,1.3,Rice
Sagaing,2023-12-13,6.2,117.0,28.5,1531.0,7.25,Beans
Pathein,2021-03-21,6.2,71.3,38.3,1899.0,5.63,Sesame
Mandalay,2018-01-09,8.0,587.0,35.6,722.0,2.03,Rice
Naypyidaw,2023-05-14,7.9,76.8,28.5,717.0,6.09,Sesame
Monywa,2019-06-07,5.6,237.2,26.4,1540.0,3.97,Corn
Sagaing,2021-09-27,5.5,567.0,38.4,1324.0,3.68,Beans
Meiktila,2023-12-27,6.7,326.4,24.6,1572.0,1.59,Wheat
Meiktila,2020-06-17,7.5,148.8,20.1,526.0,7.96,Wheat
Meiktila,2023-04-26,8.4,553.3,21.2,1773.0,3.45,Rice
Bago,2021-04-22,6.6,502.8,31.0,1132.0,7.52,Rice
Taungoo,2020-07-08,5.2,91.3,39.2,1066.0,5.93,Sesame
Yangon,2022-10-06,6.3,423.8,33.3,1756.0,1.52,Rice
Bago,2018-05-04,5.5,93.4,24.9,1747.0,1.09,Sesame
Sagaing,2019-09-06,7.7,287.2,22.8,1923.0,4.69,Wheat
Naypyidaw,2022-08-13,7.5,271.9,32.9,667.0,1.09,Corn
Yangon,2018-05-12,7.1,112.4,23.2,1135.0,3.77,Wheat
Naypyidaw,2020-11-22,8.2,306.1,34.2,735.0,3.97,Corn
Mandalay,2023-11-07,6.3,571.1,34.9,584.0,3.8,Rice
Sagaing,2020-01-23,7.9,585.8,32.1,1539.0,1.54,Rice
Naypyidaw,2021-07-06,7.3,249.0,27.6,1057.0,1.38,Corn
Sagaing,2020-03-08,5.9,71.6,27.3,1003.0,6.45,Sesame
Taungoo,2021-03-01,5.6,72.8,24.2,1865.0,1.08,Sesame
Taungoo,2020-04-06,7.2,29.1,25.4,1347.0,7.84,Sesame
Pathein,2023-06-05,5.2,195.6,38.9,1035.0,1.06,Beans
Magway,2022-06-19,6.8,195.5,27.8,694.0,3.49,Beans
Mandalay,2021-09-19,6.4,447.5,22.0,725.0,6.65,Rice
Pathein,2022-04-15,6.7,522.6,20.7,1524.0,2.13,Rice
Mandalay,2019-01-18,8.3,146.6,24.3,711.0,5.77,Wheat
Bago,2023-08-17,6.8,439.9,33.0,1012.0,7.51,Rice
Bago,2021-10-20,6.0,377.8,38.8,1569.0,1.28,Corn
Sagaing,2020-09-06,5.7,370.1,21.5,1442.0,2.07,Wheat
Naypyidaw,2019-02-03,7.8,94.1,37.4,1953.0,4.83,Sesame
Mandalay,2023-08-06,5.3,195.1,38.7,920.0,2.13,Beans
Monywa,2021-12-18,5.3,115.7,35.4,1210.0,2.81,Beans
Magway,2022-12-16,7.3,92.9,22.5,559.0,4.98,Sesame
Magway,2022-07-01,6.4,375.6,33.6,1269.0,4.09,Corn
Pathein,2021-07-08,6.3,412.5,30.1,1813.0,2.84,Rice
Yangon,2018-08-22,7.6,154.4,36.4,1780.0,1.06,Beans
Magway,2022-03-20,5.6,245.6,21.5,1193.0,3.72,Wheat
Mandalay,2021-11-30,6.6,389.1,38.0,629.0,4.25,Corn
Mandalay,2022-06-14,7.7,127.7,26.6,1995.0,3.22,Beans
Naypyidaw,2020-05-20,7.5,291.0,25.6,734.0,1.27,Corn
Naypyidaw,2019-08-20,7.2,198.9,20.6,1070.0,5.21,Wheat
Monywa,2022-10-28,8.4,135.9,24.2,1638.0,1.16,Wheat
Sagaing,2021-01-10,5.9,113.9,22.8,623.0,2.92,Wheat
Naypyidaw,2022-09-16,6.8,405.1,25.2,639.0,6.81,Rice
Sagaing,2021-11-01,8.4,185.2,24.0,1222.0,7.59,Wheat
Meiktila,2019-10-21,8.4,267.7,38.3,1735.0,4.99,Corn
Meiktila,2020-03-24,5.3,404.1,32.3,1980.0,3.27,Beans
Monywa,2018-02-28,5.5,280.6,22.9,670.0,7.05,Wheat
Sagaing,2020-12-12,6.8,12.2,29.0,689.0,6.83,Sesame
Naypyidaw,2019-02-04,5.1,450.0,23.8,1662.0,5.88,Wheat
Pathein,2022-03-27,5.8,133.8,23.8,1933.0,5.76,Wheat
Monywa,2022-01-30,5.1,539.0,30.0,1549.0,7.07,Beans
Naypyidaw,2022-08-23,6.4,217.8,30.8,1648.0,4.66,Corn
Mandalay,2019-12-22,6.6,230.1,31.1,1154.0,2.14,Corn
Magway,2022-11-27,7.2,424.2,38.8,649.0,7.34,Rice
Mandalay,2019-03-02,5.3,19.7,38.6,1625.0,1.73,Sesame
Pathein,2019-02-13,7.2,307.0,36.1,1778.0,5.67,Corn
Taungoo,2020-07-01,7.7,335.4,22.3,1926.0,6.99,Wheat
Monywa,2023-03-16,6.4,494.0,34.1,511.0,6.19,Rice
Monywa,2020-07-06,6.8,167.9,33.2,1854.0,3.15,Beans
Sagaing,2020-09-16,5.0,546.3,20.7,1686.0,1.18,Wheat
Meiktila,2021-07-24,6.2,575.9,39.9,1960.0,2.69,Rice
Taungoo,2022-05-31,7.9,482.8,31.6,1454.0,1.9,Rice
Bago,2022-07-10,8.2,315.2,28.7,1702.0,1.7,Corn
Meiktila,2019-04-30,7.2,472.7,36.9,890.0,5.39,Rice
Meiktila,2019-10-14,8.3,130.2,21.9,1443.0,4.06,Wheat
Pathein,2019-09-19,5.1,427.5,38.4,1074.0,1.55,Beans
Bago,2023-02-02,7.2,468.8,23.7,833.0,5.57,Rice
Taungoo,2020-10-01,7.5,486.2,27.6,578.0,2.82,Rice
Mandalay,2019-08-12,7.2,386.6,31.6,1189.0,1.72,Corn
Pathein,2019-05-18,5.4,176.7,37.9,1241.0,1.65,Beans
Monywa,2020-05-01,6.4,299.7,20.4,1939.0,1.52,Wheat
Mandalay,2020-05-11,7.4,231.4,26.3,1713.0,7.36,Corn
Bago,2021-05-08,5.0,115.4,31.3,547.0,5.25,Beans
Monywa,2021-11-21,6.7,372.3,30.9,1613.0,2.11,Corn
Mandalay,2020-02-29,7.1,326.2,30.4,824.0,6.33,Corn
Monywa,2019-04-16,8.1,27.4,22.8,1537.0,1.58,Sesame
Bago,2021-01-01,6.0,127.6,21.8,1478.0,5.96,Wheat
Naypyidaw,2023-07-24,6.5,568.3,38.4,797.0,2.75,Rice
Magway,2022-05-29,5.4,478.0,31.8,809.0,2.16,Beans
Naypyidaw,2022-11-11,8.1,260.0,34.9,1434.0,6.71,Corn
Pathein,2022-04-18,6.5,344.6,27.5,596.0,5.43,Corn
Bago,2018-05-19,8.4,159.3,28.2,1816.0,5.23,Beans
Meiktila,2021-12-13,6.4,77.6,36.2,779.0,4.01,Sesame
Taungoo,2018-10-25,5.8,229.3,22.9,514.0,3.2,Wheat
Yangon,2021-09-09,5.7,344.8,26.4,599.0,2.63,Corn
Magway,2020-05-19,6.8,70.7,25.6,1825.0,5.26,Sesame
Mandalay,2022-09-24,7.4,266.8,36.3,574.0,2.39,Corn
Naypyidaw,2023-08-05,5.2,171.9,22.4,1402.0,4.17,Wheat
Pathein,2022-04-18,5.8,22.5,20.4,1364.0,6.48,Sesame
Yangon,2023-03-07,6.0,506.6,28.1,1877.0,7.27,Beans
Yangon,2021-10-13,7.3,51.0,21.9,1585.0,6.62,Sesame
Magway,2021-07-23,7.6,246.2,31.1,1418.0,3.19,Corn
Sagaing,2021-05-07,7.4,278.2,37.0,682.0,7.77,Corn
Monywa,2019-02-25,5.1,38.2,20.2,984.0,1.74,Sesame
Sagaing,2020-07-16,5.6,122.8,38.0,1854.0,3.58,Beans
Yangon,2018-08-04,5.9,473.1,22.2,613.0,7.63,Wheat
Monywa,2022-04-04,5.9,110.5,22.8,689.0,4.22,Wheat
Bago,2022-08-20,7.2,404.3,30.4,1217.0,2.68,Rice
Naypyidaw,2021-02-23,6.1,441.2,24.5,944.0,2.85,Rice
Mandalay,2021-12-16,7.0,525.0,33.2,809.0,6.15,Rice
Mandalay,2018-11-04,8.4,45.6,20.3,1728.0,2.51,Sesame
Taungoo,2023-06-21,5.4,133.1,31.8,1788.0,4.69,Beans
Magway,2023-02-03,7.3,510.2,22.1,1875.0,1.91,Rice
Sagaing,2023-01-28,8.0,312.9,35.6,917.0,2.32,Corn
Bago,2021-06-12,8.3,350.6,22.0,661.0,4.23,Wheat
Mandalay,2020-09-12,5.1,281.9,25.3,1296.0,4.33,Corn
Monywa,2020-12-23,5.4,334.7,27.1,1095.0,2.48,Corn
Sagaing,2023-09-12,6.2,270.4,27.4,1074.0,1.34,Corn
Sagaing,2020-03-05,6.0,247.6,31.9,1240.0,4.71,Corn
Sagaing,2019-03-24,7.4,391.3,39.2,580.0,2.54,Corn
Yangon,2020-12-26,5.8,324.0,25.5,1549.0,7.18,Corn
Sagaing,2022-05-25,6.4,139.7,36.5,1243.0,5.84,Beans
Bago,2020-04-13,6.2,179.9,31.9,641.0,6.14,Beans
Meiktila,2023-05-07,7.6,513.0,33.8,1522.0,2.19,Rice
Bago,2020-02-07,6.2,278.6,39.2,1142.0,5.66,Corn
Yangon,2019-12-29,8.4,529.9,23.4,515.0,6.32,Rice
Monywa,2023-04-25,7.0,298.1,25.0,1728.0,1.77,Corn
Pathein,2021-04-05,7.9,319.9,23.3,641.0,2.03,Wheat
Magway,2021-10-06,6.6,443.5,39.8,1230.0,2.8,Rice
Monywa,2023-02-23,5.0,218.0,34.2,1662.0,7.24,Corn
Pathein,2023-06-07,5.4,414.6,34.6,1968.0,1.15,Beans
Taungoo,2019-08-04,6.3,28.2,31.6,1146.0,5.87,Sesame
Taungoo,2019-01-01,5.7,573.3,32.8,1816.0,7.76,Beans
Meiktila,2023-01-15,8.5,526.9,23.5,1023.0,7.37,Rice
Monywa,2022-05-21,7.1,567.7,25.5,1369.0,2.33,Rice
Monywa,2019-05-19,6.5,278.5,39.4,933.0,6.55,Corn
Yangon,2023-08-06,8.2,96.8,33.6,935.0,4.66,Sesame
Meiktila,2019-10-29,6.1,180.1,36.0,561.0,1.11,Beans
Magway,2019-05-21,5.2,190.4,28.6,501.0,5.62,Beans
Magway,2019-07-19,6.2,177.1,37.2,1653.0,5.66,Beans
Bago,2018-12-19,7.5,94.2,34.7,1877.0,4.02,Sesame
Magway,2020-06-15,5.1,560.4,25.0,1079.0,5.75,Beans
Sagaing,2019-02-06,8.1,552.9,31.9,1154.0,2.21,Rice
Monywa,2019-07-25,7.4,127.7,22.7,952.0,4.88,Wheat
Mandalay,2021-05-02,7.0,380.7,30.9,1814.0,3.63,Corn
Sagaing,2019-01-29,5.5,270.7,26.3,1569.0,7.54,Corn
Naypyidaw,2021-12-21,6.5,258.1,28.2,1338.0,1.19,Corn
Sagaing,2018-12-29,7.6,373.0,26.0,1268.0,2.7,Corn
Bago,2021-04-16,5.2,508.6,22.5,1194.0,5.69,Wheat
Meiktila,2023-03-01,7.9,59.9,25.4,661.0,7.9,Sesame
Pathein,2019-02-03,7.9,343.6,33.8,682.0,7.05,Corn
Pathein,2023-09-24,7.6,41.3,24.1,1611.0,2.01,Sesame
Naypyidaw,2019-07-13,5.8,408.7,37.0,966.0,3.11,Beans
Yangon,2023-06-10,7.2,128.4,21.3,1820.0,2.07,Wheat
Meiktila,2019-02-01,5.9,71.1,20.5,1086.0,4.54,Sesame
Mandalay,2021-05-13,6.4,589.8,36.4,1320.0,6.89,Rice
Pathein,2022-12-04,8.0,374.1,28.6,777.0,5.45,Corn
Taungoo,2019-12-01,6.8,422.8,24.0,934.0,4.36,Rice
Mandalay,2023-07-13,6.3,172.4,27.7,1196.0,6.6,Beans
Sagaing,2019-08-30,5.1,279.7,31.3,954.0,1.08,Corn
Pathein,2022-12-26,5.1,545.2,39.3,1585.0,4.28,Beans
Magway,2018-02-07,8.4,221.1,37.1,1023.0,4.52,Corn
Meiktila,2022-05-19,6.8,113.0,23.0,1345.0,5.59,Wheat
Naypyidaw,2019-07-28,6.0,459.9,26.1,1874.0,3.76,Beans
Naypyidaw,2022-03-23,8.4,367.4,23.6,1260.0,5.96,Wheat
Meiktila,2020-11-27,5.5,201.2,39.1,1426.0,3.44,Corn
Sagaing,2018-10-04,5.2,512.7,23.2,659.0,1.68,Wheat
Naypyidaw,2021-08-18,7.7,589.0,36.2,855.0,6.13,Rice
Bago,2022-04-23,7.6,257.8,21.3,672.0,5.28,Wheat
Mandalay,2022-12-14,7.7,367.9,36.8,982.0,7.46,Corn
Naypyidaw,2022-03-27,5.5,386.1,31.1,1237.0,2.37,Corn
Magway,2020-07-12,5.7,105.6,36.3,788.0,6.66,Beans
Pathein,2018-04-10,7.2,404.5,24.1,1840.0,6.67,Rice
Monywa,2022-07-30,7.0,520.0,26.8,1937.0,5.78,Rice
Meiktila,2023-07-26,5.7,132.4,36.6,1035.0,4.51,Beans
Meiktila,2019-07-19,7.8,268.9,32.5,1354.0,7.12,Corn
Bago,2023-10-20,6.0,79.6,24.6,996.0,5.21,Sesame
Taungoo,2021-04-02,8.2,158.3,34.1,1807.0,1.48,Beans
Magway,2018-11-03,6.9,152.4,30.4,968.0,5.28,Beans
Pathein,2018-08-21,6.9,536.2,31.7,1977.0,7.56,Rice
Yangon,2018-05-13,6.2,163.9,26.7,709.0,6.35,Beans
Meiktila,2021-09-12,8.2,401.4,37.6,609.0,2.65,Rice
Pathein,2018-05-25,6.2,51.8,28.3,1894.0,6.18,Sesame
Meiktila,2023-05-16,8.3,169.6,20.8,1261.0,1.25,Wheat
Monywa,2022-11-03,6.7,471.1,37.5,1897.0,2.59,Rice
Yangon,2020-03-14,6.9,517.6,33.6,1329.0,6.17,Rice
Yangon,2022-05-05,7.7,420.3,28.6,707.0,3.99,Rice
Naypyidaw,2019-04-29,8.1,589.7,27.4,1155.0,2.36,Rice
Yangon,2020-09-02,5.8,357.3,24.5,1833.0,6.23,Wheat
Meiktila,2018-07-07,8.5,18.8,34.4,615.0,6.69,Sesame
Bago,2022-12-02,5.6,35.8,27.0,866.0,5.59,Sesame
Magway,2019-06-16,7.1,292.4,22.4,875.0,1.54,Wheat
Meiktila,2020-04-23,6.7,443.8,27.1,830.0,7.41,Rice
Magway,2022-02-11,7.7,182.7,33.1,901.0,4.69,Beans
Meiktila,2023-08-25,5.4,214.5,28.2,1229.0,7.65,Corn
Mandalay,2020-04-13,8.2,506.4,30.4,1329.0,3.13,Rice
Mandalay,2022-03-06,7.5,474.9,20.7,1160.0,2.65,Rice
Naypyidaw,2019-04-13,5.1,503.4,25.4,951.0,5.12,Beans
Mandalay,2018-09-02,6.0,369.8,29.9,1077.0,7.04,Corn
Yangon,2020-07-08,5.7,118.8,28.6,958.0,1.37,Beans
Meiktila,2021-11-25,8.3,546.9,35.1,1742.0,3.35,Rice
Magway,2020-06-05,7.7,211.2,36.6,1141.0,4.04,Corn
Yangon,2019-03-24,6.9,572.0,38.6,1986.0,3.01,Rice
Meiktila,2023-03-14,6.5,434.3,35.4,1940.0,2.82,Rice
Naypyidaw,2020-09-02,5.5,19.0,36.0,628.0,7.66,Sesame
Taungoo,2021-04-26,6.2,242.8,32.3,1489.0,3.53,Corn
Pathein,2018-02-20,5.4,345.4,26.4,768.0,2.85,Corn
Naypyidaw,2018-03-12,6.5,285.2,39.3,1766.0,4.36,Corn
Taungoo,2022-08-01,5.2,563.9,25.5,971.0,5.27,Beans
Mandalay,2022-12-10,5.6,461.9,25.5,691.0,7.08,Beans
Bago,2019-08-25,8.0,397.0,24.7,776.0,5.58,Wheat
Meiktila,2022-12-09,7.0,34.8,34.3,1572.0,1.43,Sesame
Magway,2020-11-20,5.1,508.5,37.0,567.0,4.78,Beans
Taungoo,2021-12-03,5.4,309.1,22.3,806.0,1.54,Wheat
Pathein,2022-03-02,7.9,411.8,21.4,925.0,3.99,Rice
Yangon,2021-08-30,7.1,222.6,39.5,1062.0,7.28,Corn
Magway,2018-05-08,5.6,36.3,38.6,538.0,7.38,Sesame
Pathein,2020-05-16,7.8,311.4,35.6,1372.0,4.56,Corn
Monywa,2020-05-30,6.3,353.8,33.1,1644.0,2.05,Corn
Mandalay,2018-11-13,8.4,595.5,31.3,1445.0,7.98,Rice
Sagaing,2019-05-12,8.0,321.4,21.0,1287.0,4.31,Wheat
Naypyidaw,2021-07-22,5.9,503.2,25.9,865.0,2.71,Beans
Monywa,2020-08-03,6.6,451.4,22.3,1599.0,2.69,Rice
Sagaing,2022-01-22,5.3,340.7,21.5,1226.0,3.54,Wheat
Taungoo,2023-01-13,7.8,145.6,36.6,1889.0,7.91,Beans
Taungoo,2022-07-28,7.4,402.9,32.1,1012.0,6.57,Rice
Mandalay,2018-11-30,6.4,308.0,23.0,1822.0,4.46,Wheat
Taungoo,2020-01-07,8.1,19.2,22.4,1332.0,2.84,Sesame
Naypyidaw,2019-02-18,5.4,30.1,28.6,1985.0,5.83,Sesame
Bago,2023-10-11,8.0,552.0,38.1,1103.0,3.48,Rice
Meiktila,2020-09-15,7.5,80.2,37.9,1387.0,7.29,Sesame
Pathein,2019-03-18,8.5,36.7,34.8,1173.0,3.48,Sesame
Sagaing,2023-01-17,7.6,267.1,35.2,1600.0,5.9,Corn
Pathein,2023-09-18,5.3,538.4,31.9,1474.0,3.59,Beans
Sagaing,2021-08-05,6.5,310.1,31.8,645.0,7.61,Corn
Magway,2023-07-14,6.2,342.8,37.9,1766.0,5.06,Corn
Sagaing,2021-03-14,6.1,198.0,23.6,1721.0,2.0,Wheat
Taungoo,2022-10-30,6.8,349.3,32.3,927.0,1.7,Corn
Mandalay,2021-03-25,6.0,269.0,37.7,1877.0,3.02,Corn
Pathein,2019-03-11,8.2,403.2,22.8,1758.0,2.45,Rice
Bago,2018-04-23,7.1,33.4,37.8,793.0,4.77,Sesame
Naypyidaw,2018-04-16,6.3,176.3,39.0,1167.0,3.99,Beans
Bago,2023-02-02,6.0,74.7,34.1,1167.0,6.91,Sesame
Sagaing,2023-07-14,5.9,520.1,39.9,675.0,6.12,Beans
Monywa,2018-11-20,7.6,141.2,21.5,1003.0,2.1,Wheat
Naypyidaw,2023-10-02,7.4,53.7,33.8,558.0,7.25,Sesame
Mandalay,2023-11-06,6.1,506.4,33.2,553.0,7.14,Rice
Yangon,2020-10-04,5.5,232.0,38.9,898.0,5.71,Corn
Bago,2023-06-08,7.8,442.8,25.7,1814.0,2.39,Rice
Meiktila,2020-05-27,5.0,49.7,31.2,767.0,2.46,Sesame
Sagaing,2020-12-13,7.1,382.3,24.7,1296.0,3.44,Wheat
Bago,2021-05-14,7.9,526.3,33.4,1445.0,4.43,Rice
Pathein,2022-01-02,6.9,184.3,24.4,1845.0,7.74,Wheat
Magway,2022-09-15,8.4,202.0,33.2,1197.0,1.81,Corn
Monywa,2019-04-11,6.2,244.9,22.6,1760.0,7.18,Wheat
Naypyidaw,2022-08-15,7.4,27.1,25.4,1776.0,2.51,Sesame
Sagaing,2018-09-07,7.0,200.7,33.5,1714.0,3.88,Corn
Sagaing,2022-06-21,5.9,42.2,29.7,1454.0,2.53,Sesame
Yangon,2021-06-17,6.6,140.6,37.5,1669.0,4.75,Beans
Mandalay,2021-09-12,5.5,328.5,39.0,1069.0,1.15,Corn
Monywa,2021-12-15,7.7,336.2,33.1,1043.0,4.63,Corn
Taungoo,2019-10-06,7.9,243.4,34.4,742.0,3.03,Corn
Monywa,2021-09-19,6.4,336.2,25.0,1768.0,1.1,Corn
Meiktila,2019-02-24,6.8,476.9,20.8,536.0,2.98,Rice
Taungoo,2018-05-19,6.0,82.9,35.7,697.0,5.59,Sesame
Magway,2018-12-14,5.3,307.7,34.1,530.0,6.13,Corn
Meiktila,2019-09-14,5.3,357.0,27.8,1789.0,6.82,Corn
Monywa,2022-10-08,6.8,23.8,25.5,896.0,2.42,Sesame
Pathein,2023-04-15,6.3,263.4,24.4,918.0,3.84,Wheat
Magway,2023-12-25,6.8,235.6,39.9,1927.0,6.09,Corn
Meiktila,2019-03-20,6.6,350.9,20.5,1171.0,6.4,Wheat
Naypyidaw,2019-03-23,7.2,206.1,36.2,643.0,7.83,Corn
Bago,2020-04-30,8.0,299.0,25.0,1425.0,1.99,Corn
Naypyidaw,2023-11-14,7.5,344.3,24.6,878.0,6.37,Wheat
Magway,2021-10-15,7.9,31.5,33.8,1807.0,5.19,Sesame
Magway,2020-05-06,7.6,478.9,30.9,1478.0,3.19,Rice
Monywa,2023-03-05,7.5,313.5,37.2,622.0,7.95,Corn
Mandalay,2022-10-10,7.4,231.7,35.1,1622.0,2.13,Corn
Bago,2020-03-19,6.5,583.4,20.8,756.0,3.97,Rice
Meiktila,2023-06-19,5.5,525.8,28.4,676.0,1.06,Beans
Magway,2021-01-15,6.8,372.9,27.4,712.0,5.55,Corn
Meiktila,2020-04-17,7.8,571.7,27.4,1208.0,5.23,Rice
Taungoo,2021-09-14,8.2,434.9,37.0,1287.0,1.95,Rice
Naypyidaw,2018-02-10,6.1,115.7,29.4,508.0,7.95,Beans
Taungoo,2020-03-27,7.4,327.3,26.6,1203.0,1.43,Corn
Bago,2018-10-01,6.2,339.9,24.5,1892.0,5.4,Wheat
Magway,2021-03-10,7.9,522.2,31.7,1437.0,3.14,Rice
Sagaing,2020-11-09,7.0,388.5,24.1,654.0,5.15,Wheat
Taungoo,2021-02-20,5.6,342.6,22.5,1467.0,4.66,Wheat
Sagaing,2021-09-14,7.0,513.5,32.1,1606.0,7.77,Rice
Pathein,2023-04-24,5.7,11.6,24.6,1894.0,2.52,Sesame
Pathein,2019-08-24,5.5,290.5,20.0,1955.0,1.54,Wheat
Bago,2023-09-27,7.8,261.0,29.4,1640.0,3.12,Corn
Taungoo,2022-05-30,6.3,237.5,29.5,1283.0,3.18,Corn
Meiktila,2018-11-17,8.1,506.9,39.1,1750.0,7.62,Rice
Bago,2022-11-26,7.0,299.2,35.8,1337.0,5.8,Corn
Sagaing,2021-11-27,5.6,521.0,37.1,1019.0,6.4,Beans
Sagaing,2020-05-25,7.2,527.0,38.4,1061.0,2.34,Rice
Yangon,2020-03-13,6.5,320.3,20.1,641.0,3.17,Wheat
Monywa,2020-11-05,6.8,17.7,25.5,1463.0,5.53,Sesame
Sagaing,2018-06-29,8.5,425.5,25.5,1358.0,1.4,Rice
Yangon,2023-04-13,8.5,383.0,29.8,1812.0,4.31,Corn
Meiktila,2019-03-02,5.1,27.0,37.9,1604.0,2.07,Sesame
Bago,2018-12-06,6.5,509.0,21.1,593.0,5.46,Rice
Mandalay,2021-02-10,8.4,124.6,32.3,1756.0,1.12,Beans
Monywa,2019-11-25,8.2,356.2,38.9,1911.0,4.61,Corn
Sagaing,2022-09-02,7.9,405.1,21.3,1252.0,6.78,Rice
Magway,2018-12-10,5.6,36.3,32.2,1114.0,5.82,Sesame
Yangon,2021-06-28,6.0,216.9,26.8,1544.0,4.98,Corn
Pathein,2023-03-12,5.3,551.6,23.7,976.0,1.6,Wheat
Yangon,2019-11-25,7.8,138.3,27.5,1586.0,1.57,Beans
Taungoo,2021-06-14,7.9,389.0,38.0,1634.0,2.34,Corn
Bago,2021-06-25,5.2,426.5,23.6,973.0,1.98,Wheat
Taungoo,2020-02-11,6.0,127.5,39.6,1159.0,2.82,Beans
Mandalay,2023-06-30,6.2,224.5,35.4,1744.0,4.66,Corn
Bago,2018-05-31,8.3,355.3,23.1,1991.0,4.98,Wheat
Sagaing,2021-11-21,7.3,412.4,25.8,1953.0,3.4,Rice
Meiktila,2021-01-06,5.3,466.3,25.2,547.0,4.27,Beans
Mandalay,2023-10-19,7.3,120.0,22.8,1058.0,5.11,Wheat
Sagaing,2018-05-19,6.1,71.7,27.2,738.0,7.31,Sesame
Naypyidaw,2021-10-02,6.2,542.8,23.7,744.0,3.51,Rice
Meiktila,2020-02-02,7.6,269.0,32.3,1542.0,5.16,Corn
Sagaing,2023-04-24,7.9,159.0,27.5,1518.0,3.37,Beans
Magway,2018-06-14,8.4,527.7,35.3,1260.0,7.31,Rice
Sagaing,2022-10-11,7.7,572.8,28.0,1268.0,1.2,Rice
Magway,2023-11-17,5.7,583.7,35.0,1000.0,1.91,Beans
Yangon,2019-01-06,6.1,461.8,36.0,748.0,4.21,Rice
Yangon,2019-08-28,5.7,111.5,26.2,1787.0,2.29,Beans
Sagaing,2019-01-05,7.5,100.9,31.1,507.0,6.43,Beans
Bago,2021-11-12,5.3,334.4,27.9,1208.0,2.49,Corn
Sagaing,2023-03-14,7.5,460.2,21.9,1645.0,1.9,Rice
Bago,2022-06-26,7.7,539.8,36.4,1137.0,6.11,Rice
Sagaing,2023-12-28,5.3,298.1,34.8,833.0,5.11,Corn
Pathein,2019-12-31,7.7,227.8,26.8,1416.0,6.76,Corn
Sagaing,2018-11-13,7.3,91.5,23.8,1153.0,2.48,Sesame
Monywa,2022-04-23,7.3,261.2,25.7,1732.0,3.71,Corn
Yangon,2020-12-05,8.4,258.8,23.3,1751.0,5.78,Wheat
Naypyidaw,2018-12-05,6.2,442.3,33.1,1710.0,3.83,Rice
Bago,2021-07-30,5.5,309.1,33.7,1481.0,1.08,Corn
Sagaing,2022-09-27,7.7,188.7,25.2,1405.0,5.44,Beans
Naypyidaw,2023-08-19,6.3,289.4,26.7,1047.0,4.75,Corn
Bago,2022-10-03,6.9,236.2,33.5,1006.0,2.05,Corn
Pathein,2020-11-22,5.7,489.6,34.6,573.0,4.18,Beans
Magway,2018-06-13,5.4,298.9,27.3,1530.0,7.22,Corn
Magway,2022-10-10,6.2,184.7,36.4,768.0,4.8,Beans
Monywa,2022-09-05,5.1,201.5,32.7,1036.0,5.17,Corn
Yangon,2023-12-17,7.6,156.7,21.7,1590.0,1.66,Wheat
Naypyidaw,2022-11-01,8.1,213.8,29.2,1878.0,5.32,Corn
Meiktila,2023-02-21,5.1,202.7,20.8,1586.0,5.27,Wheat
Mandalay,2022-04-14,6.8,438.0,26.8,953.0,5.46,Rice
Sagaing,2018-04-02,5.6,450.6,34.4,619.0,6.2,Beans
Sagaing,2019-04-22,7.8,346.8,39.9,1309.0,5.31,Corn
Taungoo,2018-07-20,6.3,289.0,35.2,1620.0,4.06,Corn
Bago,2021-02-07,6.8,37.0,28.0,927.0,2.27,Sesame
Yangon,2022-07-26,5.7,471.4,33.1,1194.0,2.92,Beans
Monywa,2019-02-02,5.8,20.7,26.5,932.0,1.45,Sesame
Pathein,2023-03-02,7.1,384.5,26.6,1895.0,3.72,Corn
Yangon,2021-11-05,6.2,214.4,28.9,1614.0,4.23,Corn
Taungoo,2023-12-21,7.4,407.1,25.1,1778.0,1.23,Rice
Mandalay,2023-06-16,7.0,213.7,24.2,1054.0,7.89,Wheat
Magway,2021-07-15,6.6,285.8,23.1,1436.0,5.09,Wheat
Pathein,2022-11-03,6.5,461.3,35.0,1616.0,2.99,Rice
Taungoo,2022-03-18,8.2,87.7,32.1,645.0,6.95,Sesame
Taungoo,2020-05-15,8.5,346.7,23.6,1666.0,2.11,Wheat
Sagaing,2022-08-01,6.2,138.5,38.0,1656.0,2.95,Beans
Mandalay,2021-07-25,6.8,324.2,24.5,1635.0,3.83,Wheat
Magway,2023-01-15,5.5,525.3,28.0,1745.0,1.02,Beans
Naypyidaw,2019-12-07,7.4,68.0,31.6,1127.0,3.93,Sesame
Taungoo,2018-04-29,7.2,91.8,32.4,1399.0,7.99,Sesame
Sagaing,2018-04-04,6.1,157.5,31.4,636.0,4.3,Beans
Monywa,2018-04-04,7.6,531.3,33.1,1795.0,4.86,Rice
Bago,2023-02-19,6.3,526.0,23.5,1882.0,7.56,Rice
Monywa,2019-06-28,6.0,537.7,24.1,868.0,4.23,Wheat
Pathein,2022-12-23,8.5,480.1,39.5,667.0,4.5,Rice
Pathein,2021-09-18,8.1,546.2,24.9,605.0,6.05,Rice
Yangon,2022-07-23,8.0,597.4,37.2,1126.0,1.49,Rice
Magway,2019-05-11,7.5,368.1,39.8,1158.0,6.0,Corn
Yangon,2021-04-14,7.8,498.7,34.5,1099.0,1.28,Rice
Meiktila,2022-12-08,6.5,83.2,22.9,1738.0,2.84,Sesame
Mandalay,2019-11-24,6.3,397.4,22.8,1224.0,2.7,Wheat
Magway,2019-02-02,6.2,419.3,29.2,1629.0,5.96,Rice
Magway,2021-11-03,6.0,272.4,35.7,1352.0,5.9,Corn
Pathein,2018-05-27,7.7,97.3,25.8,1056.0,2.55,Sesame
Monywa,2021-04-07,6.1,432.3,31.4,1570.0,3.13,Rice
Magway,2019-09-25,7.6,420.1,22.9,1076.0,3.05,Rice
Taungoo,2018-04-25,8.0,354.1,23.0,1046.0,1.08,Wheat
Meiktila,2023-10-18,6.4,374.9,23.4,734.0,3.41,Wheat
Meiktila,2021-07-11,6.8,233.0,38.5,1806.0,5.54,Corn
Naypyidaw,2019-12-20,6.7,234.1,33.4,837.0,1.45,Corn
Taungoo,2020-07-07,5.5,369.1,34.6,795.0,1.84,Corn
Naypyidaw,2023-02-25,7.0,386.8,20.2,1728.0,6.22,Wheat
Meiktila,2020-07-24,7.6,224.5,20.7,1928.0,5.38,Wheat
Meiktila,2018-10-03,6.0,577.4,36.9,619.0,4.76,Beans
Yangon,2023-01-04,7.0,156.3,25.1,1535.0,6.18,Beans
Taungoo,2020-07-24,7.4,279.1,20.8,1328.0,5.26,Wheat
Mandalay,2020-02-18,7.6,551.3,38.1,954.0,1.93,Rice
Taungoo,2020-07-21,5.9,459.4,29.5,1822.0,1.69,Beans
Yangon,2021-07-30,7.8,53.1,29.6,1214.0,4.09,Sesame
Mandalay,2020-05-30,7.1,187.0,20.2,1857.0,4.01,Wheat
Naypyidaw,2020-03-08,7.1,384.6,35.1,878.0,7.95,Corn
Sagaing,2021-01-13,6.7,114.2,30.1,1927.0,4.6,Beans
Magway,2020-12-18,8.0,156.9,25.5,963.0,4.93,Beans
Naypyidaw,2019-04-02,8.4,568.0,29.8,1962.0,3.23,Rice
Naypyidaw,2023-07-24,5.6,48.7,28.6,1888.0,3.13,Sesame
Naypyidaw,2021-11-03,7.2,327.8,23.7,1644.0,6.45,Wheat
Taungoo,2021-06-12,6.8,198.8,30.6,950.0,1.72,Beans
Pathein,2020-05-11,7.0,101.2,23.1,1679.0,6.36,Wheat
Bago,2019-10-06,6.1,314.7,29.5,1125.0,5.17,Corn
Magway,2020-07-25,8.3,288.5,37.1,717.0,3.13,Corn
Monywa,2021-12-20,7.9,196.1,26.2,1644.0,4.94,Beans
Yangon,2022-07-14,5.2,251.2,32.9,1185.0,1.98,Corn
Magway,2018-03-21,7.9,129.3,33.2,1749.0,2.79,Beans
Yangon,2021-08-11,6.5,235.6,31.2,1696.0,6.17,Corn
Pathein,2023-08-23,6.5,171.6,21.5,1584.0,2.12,Wheat
Pathein,2023-04-09,8.3,568.6,35.6,1940.0,3.73,Rice
Naypyidaw,2020-10-20,6.0,368.0,27.5,1459.0,1.71,Corn
Magway,2022-02-22,6.5,177.7,29.4,611.0,7.17,Beans
Sagaing,2019-09-14,8.1,358.0,31.5,1157.0,4.93,Corn
Monywa,2020-12-03,6.9,492.2,33.8,1655.0,1.98,Rice
Monywa,2022-01-19,8.2,273.0,37.7,1202.0,2.29,Corn
Naypyidaw,2022-01-23,6.2,409.8,34.1,1621.0,2.79,Rice
Yangon,2019-07-29,5.4,252.4,27.9,572.0,4.4,Corn
Meiktila,2018-09-04,8.2,312.2,20.3,548.0,4.06,Wheat
Meiktila,2021-09-01,7.8,300.3,31.5,1602.0,5.44,Corn
Pathein,2019-01-13,8.4,470.5,30.6,1769.0,6.59,Rice
Mandalay,2023-04-03,7.1,595.8,35.0,1146.0,6.37,Rice
Magway,2023-03-23,6.6,529.5,34.8,610.0,5.55,Rice
Pathein,2021-10-23,6.6,470.9,34.8,1834.0,7.64,Rice
Sagaing,2021-04-18,5.0,498.7,20.4,1141.0,2.58,Wheat
Magway,2020-07-01,7.0,463.0,30.6,800.0,5.58,Rice
Pathein,2021-12-23,8.1,431.8,31.5,722.0,2.32,Rice
Magway,2020-01-14,5.4,324.7,38.9,691.0,1.28,Corn
Monywa,2018-10-11,6.1,196.0,24.6,954.0,2.46,Wheat
Sagaing,2021-01-15,5.8,552.7,35.4,1816.0,1.19,Beans
Naypyidaw,2019-05-20,7.9,231.3,28.9,1610.0,6.21,Corn
Sagaing,2018-07-21,6.6,245.5,24.1,1722.0,3.66,Wheat
Mandalay,2019-12-19,6.8,351.2,30.3,814.0,2.14,Corn
Naypyidaw,2022-01-07,7.6,197.0,23.8,1700.0,7.9,Wheat
Monywa,2023-05-12,5.9,76.1,29.1,1705.0,1.05,Sesame
Sagaing,2019-02-14,6.2,568.0,36.7,1772.0,4.04,Rice
Magway,2020-07-28,8.5,59.8,32.9,1207.0,3.73,Sesame
Magway,2021-08-17,5.2,510.0,23.5,1278.0,1.06,Wheat
Bago,2023-04-09,7.7,46.1,36.0,1491.0,7.06,Sesame
Monywa,2022-08-27,7.9,257.4,23.5,727.0,4.63,Wheat
Bago,2022-02-04,8.1,74.5,23.2,959.0,4.48,Sesame
Monywa,2020-12-22,7.2,26.8,20.5,1206.0,1.2,Sesame
Bago,2022-07-28,5.2,232.5,32.0,737.0,4.68,Corn
Yangon,2021-11-29,8.1,64.4,39.8,1214.0,1.79,Sesame
Sagaing,2022-12-09,5.5,365.9,32.7,1204.0,3.18,Corn
Magway,2019-06-10,6.1,328.6,39.1,645.0,5.68,Corn
Naypyidaw,2020-03-14,5.4,313.7,36.1,1489.0,2.0,Corn
Mandalay,2022-07-13,6.0,372.9,25.0,1595.0,2.75,Corn
Magway,2021-09-08,7.5,282.7,31.8,1981.0,4.62,Corn
Magway,2019-06-24,6.1,231.1,22.9,1776.0,6.15,Wheat
Sagaing,2018-07-16,7.8,587.9,20.3,1753.0,5.44,Rice
Taungoo,2019-10-26,6.4,16.9,29.6,782.0,7.0,Sesame
Pathein,2022-07-20,6.6,136.8,32.4,677.0,4.82,Beans
Magway,2023-10-09,8.2,209.0,37.9,1710.0,2.79,Corn
Naypyidaw,2023-02-13,7.3,404.1,26.8,595.0,4.63,Rice
Monywa,2022-10-14,7.2,579.2,22.5,1186.0,2.59,Rice
Mandalay,2019-05-08,6.9,184.5,37.5,1154.0,3.15,Beans
Mandalay,2023-08-30,5.6,493.8,37.7,713.0,4.58,Beans
Taungoo,2018-03-10,5.7,449.3,30.5,1344.0,6.46,Beans
Meiktila,2023-11-21,5.2,324.6,30.8,1996.0,5.86,Corn
Bago,2022-03-14,5.6,411.4,32.7,839.0,7.01,Beans
Bago,2022-10-03,8.0,174.3,39.2,945.0,7.64,Beans
Meiktila,2022-09-22,8.1,286.1,22.7,501.0,7.57,Wheat
Magway,2021-06-30,5.7,442.7,31.9,1633.0,1.47,Beans
Bago,2019-08-12,6.7,104.5,39.4,1968.0,7.84,Beans
Sagaing,2019-10-16,7.3,240.7,23.9,606.0,6.84,Wheat
Magway,2019-07-30,8.1,82.8,34.8,728.0,7.61,Sesame
Naypyidaw,2019-08-07,7.4,458.7,20.2,967.0,1.82,Rice
Mandalay,2023-04-14,5.8,268.6,36.4,1415.0,4.79,Corn
Bago,2018-10-16,8.1,455.0,34.4,1924.0,7.13,Rice
Yangon,2022-04-12,7.9,160.7,32.5,753.0,3.98,Beans
Naypyidaw,2021-04-07,5.8,70.8,40.0,1399.0,5.22,Sesame
Monywa,2020-09-15,8.0,402.3,36.7,1133.0,7.74,Rice
Mandalay,2021-02-21,7.9,442.1,38.1,993.0,5.48,Rice
Magway,2021-12-31,5.3,69.7,36.1,1242.0,2.7,Sesame
Pathein,2022-11-12,7.3,71.3,35.6,1341.0,5.96,Sesame
Pathein,2022-03-20,7.1,523.5,33.4,662.0,1.29,Rice
Mandalay,2019-01-24,5.4,460.8,27.2,1856.0,5.71,Beans
Sagaing,2022-06-01,7.5,33.5,32.9,1191.0,4.08,Sesame
Meiktila,2018-06-02,8.3,489.8,32.6,1504.0,6.44,Rice
Yangon,2020-06-03,7.0,24.2,38.9,1881.0,1.69,Sesame
Yangon,2023-02-14,8.0,159.6,36.4,1960.0,3.41,Beans
Taungoo,2021-02-07,6.6,38.2,29.2,895.0,7.94,Sesame
Bago,2020-05-07,7.0,519.5,33.0,1630.0,6.18,Rice
Bago,2023-08-10,8.0,206.9,32.3,1754.0,6.18,Corn
Taungoo,2021-07-20,7.9,69.8,34.4,969.0,5.48,Sesame
Naypyidaw,2020-02-02,7.6,129.3,37.1,1006.0,4.4,Beans
Naypyidaw,2022-01-20,7.6,576.0,26.5,1373.0,1.78,Rice
Meiktila,2021-04-28,7.6,327.6,28.0,798.0,5.87,Corn
Mandalay,2022-07-16,8.0,96.0,26.8,700.0,3.48,Sesame
Sagaing,2019-03-01,8.0,444.4,37.5,1420.0,6.59,Rice
Mandalay,2021-08-19,8.5,271.1,20.8,1501.0,4.84,Wheat
Magway,2018-04-18,6.7,501.6,39.7,839.0,2.72,Rice
Taungoo,2019-08-19,5.0,153.8,20.4,1757.0,5.29,Wheat
Sagaing,2020-02-27,6.4,510.3,31.6,1833.0,5.39,Rice
Sagaing,2020-12-07,7.5,589.3,36.1,1055.0,2.84,Rice
Taungoo,2021-08-04,6.9,55.5,33.9,1741.0,3.25,Sesame
Taungoo,2019-06-12,5.3,551.3,39.7,1303.0,5.96,Beans
Mandalay,2020-07-22,7.5,433.4,32.9,1978.0,4.88,Rice
Naypyidaw,2021-01-07,7.0,41.4,32.4,1154.0,4.48,Sesame
Bago,2018-04-01,7.0,339.8,21.2,1801.0,3.43,Wheat
Bago,2018-09-19,7.4,48.6,34.4,1921.0,4.99,Sesame
Yangon,2023-07-04,6.5,461.0,22.7,1493.0,3.77,Rice
Magway,2021-06-01,6.2,346.2,37.5,716.0,7.62,Corn
Meiktila,2021-07-12,8.0,582.8,21.1,1381.0,6.28,Rice
Mandalay,2018-09-18,6.9,440.9,34.7,1402.0,2.74,Rice
Bago,2020-01-13,5.1,558.0,34.6,641.0,3.32,Beans
Sagaing,2022-05-06,7.8,235.0,29.5,774.0,6.93,Corn
Magway,2021-12-25,5.6,263.9,25.0,891.0,1.64,Corn
Taungoo,2020-07-17,6.2,391.9,21.6,641.0,4.16,Wheat
Magway,2018-03-25,8.1,45.9,31.1,643.0,5.78,Sesame
Yangon,2023-12-08,5.0,202.8,26.1,1352.0,6.6,Corn
Monywa,2018-10-12,8.3,121.2,32.4,828.0,2.27,Beans
Monywa,2019-02-02,8.1,548.4,32.0,1837.0,5.02,Rice
Bago,2023-09-10,5.5,493.2,20.6,1306.0,1.27,Wheat
Mandalay,2021-06-30,8.3,73.6,33.7,751.0,5.13,Sesame
Mandalay,2023-08-01,5.7,101.6,32.3,1182.0,3.36,Beans
Meiktila,2022-05-12,7.7,567.0,33.4,869.0,1.46,Rice
Bago,2020-09-07,8.4,299.6,35.9,588.0,1.29,Corn
Naypyidaw,2019-02-09,8.0,63.7,33.1,1344.0,7.38,Sesame
Meiktila,2023-11-07,6.4,332.4,24.0,1172.0,3.24,Wheat
Taungoo,2021-04-14,8.3,261.5,28.7,536.0,1.58,Corn
Mandalay,2021-08-09,7.0,369.7,26.1,1656.0,7.95,Corn
Yangon,2023-12-01,7.9,121.0,21.8,1622.0,7.24,Wheat
Pathein,2019-12-12,7.2,446.2,30.7,954.0,1.33,Rice
Taungoo,2021-12-11,8.4,40.9,36.5,1608.0,7.12,Sesame
Meiktila,2020-01-01,6.8,411.9,20.9,1186.0,2.5,Rice
Bago,2020-06-26,7.5,53.0,24.1,1461.0,2.45,Sesame
Yangon,2018-07-05,8.2,131.6,33.8,507.0,7.47,Beans
Taungoo,2021-09-16,8.4,592.4,36.5,1757.0,3.6,Rice
Yangon,2019-10-01,5.5,155.2,33.4,1134.0,7.17,Beans
Pathein,2021-06-22,5.7,528.4,34.7,1535.0,2.91,Beans
Sagaing,2022-08-22,6.3,507.2,23.8,880.0,6.45,Rice
Yangon,2022-06-08,5.1,462.6,22.6,606.0,5.83,Wheat
Mandalay,2019-04-18,5.6,476.8,21.3,751.0,4.76,Wheat
Magway,2022-06-20,6.0,179.0,37.1,1641.0,2.83,Beans
Sagaing,2020-04-07,8.3,337.3,30.0,1993.0,1.89,Corn
Naypyidaw,2023-05-16,5.4,144.9,36.7,1644.0,2.29,Beans
Mandalay,2020-09-17,6.5,228.8,34.8,1654.0,4.09,Corn
Meiktila,2020-02-14,7.7,437.7,20.9,729.0,1.1,Rice
Magway,2019-12-20,6.2,128.4,32.9,730.0,3.74,Beans
Magway,2023-09-02,5.2,118.5,23.9,1158.0,5.61,Wheat
Naypyidaw,2018-10-12,8.0,365.0,25.8,1321.0,2.13,Corn
Monywa,2018-08-21,5.4,48.4,30.4,1581.0,1.12,Sesame
Monywa,2022-02-26,5.1,541.9,33.7,505.0,1.04,Beans
Yangon,2022-05-07,7.7,80.6,24.5,1345.0,5.4,Sesame
Mandalay,2018-03-23,7.3,547.4,38.7,924.0,5.51,Rice
Pathein,2022-05-04,6.6,451.4,33.7,1018.0,5.29,Rice
Naypyidaw,2023-05-17,8.2,100.4,30.7,717.0,3.52,Beans
Bago,2022-05-11,8.5,530.3,27.4,1708.0,1.15,Rice
Bago,2018-06-24,6.6,429.3,30.8,1103.0,2.59,Rice
Monywa,2020-05-02,8.3,258.5,28.4,1166.0,6.13,Corn
Sagaing,2023-03-14,6.3,202.3,28.0,809.0,6.06,Corn
Taungoo,2020-02-22,7.0,569.3,34.6,1045.0,6.49,Rice
Naypyidaw,2022-07-31,6.3,191.1,27.9,1314.0,4.29,Beans
Naypyidaw,2021-05-15,8.2,573.9,37.4,799.0,3.88,Rice
Monywa,2019-10-04,7.3,562.9,28.6,536.0,7.6,Rice
Taungoo,2022-04-30,7.0,111.7,39.7,1654.0,5.76,Beans
Sagaing,2020-03-21,5.5,196.7,24.9,1644.0,6.17,Wheat
Naypyidaw,2021-07-19,7.1,460.4,30.6,553.0,5.4,Rice
Mandalay,2018-09-25,5.3,15.1,37.2,1779.0,1.37,Sesame
Monywa,2022-01-01,5.7,98.9,24.3,1044.0,6.88,Sesame
Monywa,2023-01-04,6.7,425.1,25.8,1343.0,1.71,Rice
Bago,2019-10-31,6.5,324.1,32.4,1328.0,2.11,Corn
Naypyidaw,2021-02-25,7.4,543.2,39.5,720.0,5.65,Rice
Naypyidaw,2019-02-02,7.6,90.0,27.6,756.0,3.66,Sesame
Yangon,2022-01-24,8.3,355.1,23.6,1955.0,7.26,Wheat
Pathein,2021-11-09,8.1,592.8,37.7,702.0,1.48,Rice
Magway,2022-06-01,8.2,75.5,38.7,796.0,7.72,Sesame
Monywa,2021-04-12,7.5,569.8,21.7,1699.0,5.22,Rice
Yangon,2022-09-08,8.5,225.5,25.1,1973.0,4.59,Corn
Yangon,2023-06-29,6.1,108.5,33.0,895.0,5.9,Beans
Sagaing,2021-10-14,5.1,452.5,35.2,620.0,4.21,Beans
Meiktila,2018-05-09,5.5,587.2,32.5,529.0,6.14,Beans
Sagaing,2020-03-28,8.2,234.2,20.7,1545.0,5.7,Wheat
Monywa,2022-02-11,7.8,513.6,35.7,1013.0,3.85,Rice
Monywa,2020-12-07,6.9,298.4,25.3,1878.0,7.39,Corn
Mandalay,2021-07-29,8.0,538.5,20.5,1643.0,1.9,Rice
Taungoo,2018-11-01,5.6,48.3,31.4,631.0,2.66,Sesame
Mandalay,2018-02-09,7.5,444.5,26.8,606.0,7.36,Rice
Pathein,2023-03-03,7.2,205.2,33.3,584.0,5.29,Corn
Bago,2020-03-28,8.2,556.7,23.7,637.0,6.03,Rice
Sagaing,2020-08-12,5.7,433.0,27.7,789.0,5.38,Beans
Taungoo,2023-07-22,7.1,119.8,25.8,1798.0,5.73,Beans
Yangon,2022-12-18,5.6,13.7,23.5,716.0,2.38,Sesame
Meiktila,2020-02-15,7.4,424.7,21.5,982.0,2.31,Rice
Taungoo,2019-10-28,6.4,503.3,25.9,1461.0,3.89,Rice
Taungoo,2022-10-14,5.9,213.4,24.8,1836.0,1.05,Wheat
Magway,2021-02-26,7.6,48.1,21.3,1599.0,3.41,Sesame
Pathein,2022-10-28,5.3,461.0,34.3,1616.0,1.08,Beans
Mandalay,2021-07-28,7.1,550.6,27.2,1517.0,5.77,Rice
Mandalay,2020-12-10,7.5,198.2,27.2,1056.0,6.68,Beans
Magway,2023-06-27,6.1,599.5,23.8,564.0,5.11,Rice
Monywa,2022-08-06,6.6,282.4,38.5,1958.0,6.93,Corn
Naypyidaw,2023-03-18,6.6,93.8,35.0,537.0,3.94,Sesame
Bago,2021-07-21,6.3,523.4,23.0,1152.0,3.56,Rice
Bago,2019-09-11,7.1,118.5,21.9,725.0,3.74,Wheat
Monywa,2020-03-21,5.1,241.4,26.1,1324.0,7.69,Corn
Taungoo,2020-02-18,6.7,437.0,28.7,740.0,7.63,Rice
Yangon,2021-12-18,8.4,49.5,26.5,934.0,4.34,Sesame
Taungoo,2023-10-26,8.3,484.1,28.3,962.0,1.09,Rice
Bago,2021-10-18,7.2,413.6,28.6,694.0,1.85,Rice
Magway,2021-10-29,7.5,486.2,37.3,1956.0,3.59,Rice
Mandalay,2018-03-14,6.6,256.0,24.2,850.0,3.28,Wheat
Monywa,2023-05-05,7.8,337.4,31.5,792.0,3.32,Corn
Bago,2021-08-11,7.7,347.6,38.2,1414.0,5.96,Corn
Taungoo,2023-06-25,7.0,535.4,26.3,1076.0,7.17,Rice
Bago,2021-08-10,5.3,299.7,32.1,1937.0,7.24,Corn
Magway,2018-10-02,6.6,468.7,35.8,715.0,2.93,Rice
Yangon,2023-04-25,5.9,383.5,26.5,1224.0,6.77,Corn
Bago,2021-01-22,8.3,296.0,26.3,800.0,7.18,Corn
Taungoo,2019-05-09,6.0,45.7,37.7,1256.0,4.66,Sesame
Taungoo,2022-03-21,6.5,493.0,20.2,716.0,2.83,Rice
Yangon,2018-04-29,7.3,459.8,21.6,1865.0,4.25,Rice
Bago,2023-01-04,7.2,337.6,31.9,662.0,6.31,Corn
Magway,2023-02-11,6.0,426.7,29.1,693.0,2.14,Beans
Yangon,2019-05-23,5.2,202.7,29.5,1748.0,1.99,Corn
Sagaing,2018-04-15,7.2,391.3,27.9,1754.0,3.29,Corn
Yangon,2021-03-04,6.1,456.3,20.8,1584.0,4.58,Rice
Bago,2023-07-28,5.2,50.1,23.0,1910.0,4.66,Sesame
Taungoo,2019-01-12,7.6,583.7,26.8,1626.0,3.89,Rice
Naypyidaw,2022-06-29,6.9,319.6,32.8,732.0,3.77,Corn
Mandalay,2020-04-28,6.6,78.0,38.2,859.0,2.83,Sesame
Meiktila,2018-04-10,5.2,507.3,24.5,829.0,1.3,Wheat
Taungoo,2019-09-18,8.3,91.2,26.4,1451.0,3.71,Sesame
Sagaing,2018-03-20,6.8,180.9,20.5,1122.0,6.0,Wheat
Mandalay,2018-06-14,5.7,31.2,24.6,1024.0,4.44,Sesame
Mandalay,2022-02-16,6.8,499.1,27.9,511.0,2.07,Rice
Pathein,2021-02-26,5.9,230.8,27.8,1631.0,6.84,Corn
Magway,2021-10-02,5.7,539.8,27.9,1177.0,5.55,Beans
Naypyidaw,2023-09-28,7.7,130.7,22.3,660.0,3.71,Wheat
Taungoo,2020-03-30,7.7,444.1,26.0,822.0,5.83,Rice
Pathein,2021-05-27,6.3,42.1,32.5,1827.0,4.97,Sesame
Magway,2020-06-07,6.8,192.8,24.3,1001.0,2.27,Wheat
Naypyidaw,2022-05-11,7.5,280.2,27.8,1881.0,6.28,Corn
Naypyidaw,2021-03-14,7.8,403.5,38.8,661.0,1.54,Rice
Yangon,2018-05-08,7.2,515.7,38.9,955.0,7.51,Rice
Sagaing,2019-10-16,5.3,227.1,32.9,1613.0,7.8,Corn
Monywa,2018-11-08,6.0,395.6,25.9,680.0,1.24,Corn
Bago,2020-12-12,6.6,560.0,39.7,680.0,7.4,Rice
Yangon,2023-05-06,5.6,76.4,34.5,1830.0,4.19,Sesame
Meiktila,2021-01-23,5.9,424.7,29.6,730.0,6.12,Beans
Mandalay,2022-06-17,7.4,27.6,29.9,1119.0,6.81,Sesame
Yangon,2018-06-30,7.3,576.1,37.5,1578.0,5.97,Rice
Taungoo,2020-12-30,5.1,170.5,37.4,1172.0,2.64,Beans
Yangon,2018-06-30,8.1,502.9,28.7,1233.0,7.67,Rice
Taungoo,2018-07-13,6.0,62.2,27.3,1317.0,6.74,Sesame
Monywa,2022-03-01,7.5,329.1,26.4,1111.0,5.48,Corn
Pathein,2022-07-04,6.3,590.3,35.3,1509.0,2.03,Rice
Naypyidaw,2022-07-29,6.3,264.7,32.0,999.0,7.19,Corn
Monywa,2023-03-27,6.6,328.1,33.6,1015.0,7.23,Corn
Bago,2021-10-31,6.9,500.9,23.2,709.0,6.59,Rice
Taungoo,2022-06-12,5.3,257.2,22.2,563.0,4.51,Wheat
Mandalay,2018-01-17,5.9,334.8,38.8,1526.0,6.18,Corn
Monywa,2023-06-27,5.4,441.8,35.9,1092.0,4.84,Beans
Sagaing,2020-06-16,7.0,452.4,33.8,839.0,7.92,Rice
Naypyidaw,2019-09-30,7.9,538.2,23.8,1690.0,1.0,Rice
Meiktila,2019-03-18,6.7,550.3,33.9,1634.0,3.15,Rice
Magway,2020-05-07,6.9,67.0,36.3,547.0,1.16,Sesame
Mandalay,2020-04-28,5.6,467.9,21.4,1927.0,2.77,Wheat
Sagaing,2022-01-04,7.3,16.2,32.0,1062.0,3.4,Sesame
Magway,2022-10-22,7.2,552.5,32.7,1519.0,5.15,Rice
Yangon,2023-08-10,6.1,28.3,34.0,1076.0,7.03,Sesame
Meiktila,2019-02-06,6.5,356.4,37.6,1527.0,7.64,Corn
Yangon,2022-04-06,5.1,297.6,38.1,1316.0,4.32,Corn
Mandalay,2020-10-02,7.5,432.2,38.4,1624.0,4.18,Rice
Taungoo,2023-04-07,5.1,192.8,35.5,825.0,6.98,Beans
Sagaing,2019-01-24,5.0,85.7,37.3,1903.0,6.47,Sesame
Naypyidaw,2018-10-11,6.8,283.3,33.9,1887.0,3.72,Corn
Yangon,2020-11-03,7.0,421.9,29.8,940.0,7.32,Rice
Bago,2018-06-13,6.0,205.5,22.2,1756.0,2.08,Wheat
Taungoo,2023-05-29,6.7,13.4,35.5,1858.0,6.65,Sesame
Sagaing,2018-06-29,6.1,141.8,37.3,1240.0,5.08,Beans
Naypyidaw,2019-04-21,5.4,92.1,34.8,1344.0,7.63,Sesame
Naypyidaw,2023-07-26,6.3,422.4,20.4,1541.0,4.68,Rice
Meiktila,2019-03-12,6.5,29.8,28.7,600.0,5.91,Sesame
Mandalay,2020-12-12,8.1,402.2,29.5,865.0,4.55,Rice
Bago,2019-05-11,5.1,61.0,23.7,1490.0,2.38,Sesame
Meiktila,2022-03-10,7.0,291.9,39.4,1373.0,5.59,Corn
Mandalay,2018-06-12,5.8,97.0,22.7,517.0,5.91,Sesame
Yangon,2023-09-21,7.8,76.5,33.3,513.0,5.1,Sesame
Bago,2021-08-01,8.2,517.7,36.0,1212.0,2.32,Rice
Naypyidaw,2020-05-27,5.3,238.8,32.7,1706.0,4.79,Corn
Bago,2019-06-05,8.0,95.8,35.2,1985.0,4.34,Sesame
Mandalay,2019-11-06,5.9,454.5,36.8,838.0,3.53,Beans
Magway,2022-07-23,5.2,264.8,37.4,541.0,6.46,Corn
Monywa,2022-05-20,6.6,503.5,24.5,1219.0,7.35,Rice
Meiktila,2022-07-24,7.3,455.7,23.1,931.0,5.19,Rice
Mandalay,2022-11-08,7.1,256.2,31.2,1666.0,5.93,Corn
Yangon,2022-02-22,6.0,175.7,33.0,1012.0,7.91,Beans
Meiktila,2021-09-01,8.2,514.7,29.4,1636.0,4.41,Rice
Pathein,2019-07-17,6.6,63.7,29.8,1275.0,3.4,Sesame
Mandalay,2020-10-27,7.2,561.2,37.5,842.0,5.16,Rice
Monywa,2020-09-07,7.0,215.6,26.1,1277.0,6.78,Corn
Sagaing,2021-02-14,5.9,260.1,33.2,1836.0,6.38,Corn
Bago,2021-04-23,5.7,414.7,34.3,807.0,4.87,Beans
Naypyidaw,2023-11-01,5.6,437.5,37.5,809.0,5.47,Beans
